participant_id,data_source,synthetic_flag,age,age_group,gender,education_level,employment_status,occupation_category,average_sleep_hours,sleep_quality,daily_screen_time_hours,daily_social_media_hours,physical_activity_frequency,work_hours_per_day,study_hours_per_day,commute_hours_per_day,perceived_workload,task_type,task_importance,task_difficulty,task_interest,task_anxiety,task_clarity,task_complexity,task_duration_estimate_hours,deadline_days_remaining,P01,P02,P03,P04,P05,P06,P07,P08,P09,P10,S01,S02,S03,S04,S05,S06,S07,S08,S09,S10,planning_style,scheduling_method,primary_social_platform,social_media_check_frequency,social_media_during_work_or_study,social_media_as_task_avoidance,notifications_enabled,primary_procrastination_trigger,stress_rating,mood_rating,energy_rating,concentration_difficulty,feeling_overwhelmed_frequency,work_life_balance,perceived_control,procrastination_score,scheduling_score,task_anxiety_score,workload_score,social_media_avoidance_score,wellbeing_score
P0001,synthetic_ai,1,19,18-20,Male,Undergraduate,Student,Education,6.5,Fair,7.0,3.5,1-2x/week,0.0,5.0,0.5,Moderate,Exam preparation,5,4,2,4,3,4,6.0,7,4,4,3,4,3,4,4,5,3,4,2,3,2,2,3,2,2,3,4,2,Deadline-driven,Mental planning,Instagram,Every few hours,Often,4,Yes,Low motivation,7,5,4,6,6,5,4,3.80,2.60,4.00,2.19,4.00,4.20
P0002,synthetic_ai,1,34,30-39,Female,Postgraduate,Full-time employed,Healthcare,7.0,Good,6.5,1.5,3-4x/week,9.0,0.5,1.0,Heavy,Work project,5,4,3,3,4,4,8.0,5,3,3,2,3,2,3,3,3,2,3,4,4,3,4,4,4,3,4,3,2,4,Weekly planner,Phone calendar,LinkedIn,Once a day,Rarely,2,Yes,Fatigue,7,6,5,4,6,5,5,2.80,3.60,3.67,3.28,2.33,5.50
P0003,synthetic_ai,1,22,21-24,Female,Undergraduate,Student,Education,6.0,Poor,9.0,5.0,Never,0.0,6.0,0.0,Moderate,Academic assignment,4,3,2,4,2,3,4.0,3,5,5,4,5,4,4,3,5,3,4,2,2,2,2,2,2,2,4,4,1,Reactive planning,Mental planning,TikTok,Constantly,Often,5,Yes,Social media,8,4,3,7,7,4,3,4.20,2.10,3.33,1.88,4.67,3.60
P0004,synthetic_ai,1,45,40-49,Male,Undergraduate,Full-time employed,Technology,7.5,Good,8.0,2.0,3-4x/week,9.0,0.0,1.5,Heavy,Work project,5,5,3,4,3,5,10.0,10,3,4,3,3,3,3,4,4,3,4,4,3,4,4,4,4,3,4,3,2,4,Weekly planner,Computer calendar,LinkedIn,2-3 times a day,Sometimes,3,Yes,Task difficulty,6,6,6,5,5,6,6,3.40,3.60,4.33,3.28,3.00,5.80
P0005,synthetic_ai,1,28,25-29,Non-binary,Postgraduate,Full-time employed,Research,6.5,Fair,7.5,2.5,1-2x/week,8.0,1.5,0.5,Heavy,Work project,4,4,3,3,3,4,7.0,14,3,3,3,3,3,3,3,3,3,3,3,3,3,3,3,3,3,3,3,3,3,Mixed strategy,Todo application,Reddit,2-3 times a day,Sometimes,3,No,Lack of clarity,6,6,6,5,5,6,5,3.00,3.00,3.67,2.94,3.00,5.40
P0006,synthetic_ai,1,62,60+,Female,Undergraduate,Retired,Other,8.0,Good,3.5,0.5,Daily,0.0,0.0,0.0,Very light,Household task,3,2,4,1,4,2,2.0,30,2,1,2,2,2,2,1,1,2,2,4,3,3,4,4,3,4,3,2,2,4,Daily planner,Paper notebook,Facebook,Once a day,Never,1,No,Boredom,3,8,7,2,2,8,8,1.80,3.60,1.67,1.00,1.33,7.80
P0007,synthetic_ai,1,25,25-29,Male,Undergraduate,Full-time employed,Finance,6.0,Fair,8.0,2.0,1-2x/week,8.5,0.0,1.0,Heavy,Financial task,4,3,2,3,3,3,5.0,7,3,4,3,4,3,3,3,4,3,4,3,3,3,3,4,3,3,3,3,3,3,Daily planner,Phone calendar,Instagram,Every few hours,Sometimes,3,Yes,Boredom,7,5,5,5,6,5,5,3.40,3.10,3.00,3.09,3.00,5.10
P0008,synthetic_ai,1,31,30-39,Female,Postgraduate,Self-employed,Creative,7.0,Good,7.0,3.0,3-4x/week,6.0,1.0,0.0,Moderate,Personal project,3,3,4,2,3,3,5.0,21,2,2,3,2,3,3,2,2,3,2,4,4,3,4,4,4,4,3,2,3,4,Weekly planner,Todo application,Instagram,2-3 times a day,Rarely,2,Yes,Perfectionism,4,7,7,3,3,7,7,2.50,3.70,2.67,2.25,2.33,7.20
P0009,synthetic_ai,1,20,18-20,Male,High school,Student,Education,6.0,Poor,10.0,5.5,Never,2.0,4.0,0.0,Moderate,Exam preparation,5,4,2,5,2,4,5.0,2,5,5,5,5,4,5,5,5,4,5,1,1,1,1,1,1,1,1,5,1,Reactive planning,Mental planning,YouTube,Constantly,Always,5,Yes,Entertainment,9,3,3,8,8,3,2,4.80,1.50,4.33,2.19,4.67,2.60
P0010,synthetic_ai,1,52,50-59,Male,Postgraduate,Full-time employed,Government,7.5,Good,5.0,1.0,3-4x/week,8.0,0.0,1.5,Heavy,Email/administrative task,3,2,2,2,4,2,2.0,3,2,2,2,2,2,2,2,2,2,2,4,4,4,4,4,4,4,4,2,2,4,Weekly planner,Computer calendar,LinkedIn,Once a day,Rarely,1,No,Low motivation,5,7,6,3,3,7,7,2.00,3.80,2.00,2.88,1.33,7.00
P0011,synthetic_ai,1,27,25-29,Female,Undergraduate,Full-time employed,Education,7.0,Good,6.0,2.0,3-4x/week,7.0,1.0,1.0,Moderate,Academic assignment,4,3,3,3,4,3,4.0,14,2,3,2,3,2,3,3,3,3,3,4,3,3,3,4,3,3,3,3,3,3,Daily planner,Phone calendar,Instagram,2-3 times a day,Rarely,2,Yes,Low motivation,5,7,6,4,4,6,6,2.90,3.20,3.00,2.50,2.33,6.30
P0012,synthetic_ai,1,38,30-39,Male,Doctoral,Full-time employed,Research,6.5,Fair,7.5,1.5,1-2x/week,9.0,2.0,0.5,Very heavy,Work project,5,5,4,4,3,5,12.0,5,4,4,3,4,3,3,4,4,3,4,4,4,4,4,4,4,4,4,3,2,3,Weekly planner,Computer calendar,Reddit,Once a day,Sometimes,3,Yes,Overwhelm,8,5,4,6,7,4,4,3.60,3.70,4.67,3.88,3.00,4.40
P0013,synthetic_ai,1,23,21-24,Female,Undergraduate,Part-time employed,Retail,5.5,Poor,9.0,4.5,Never,4.0,3.0,1.0,Moderate,Email/administrative task,3,2,2,3,3,2,2.0,1,4,4,4,4,3,4,3,4,3,3,2,2,2,2,2,2,2,3,4,2,Reactive planning,Mental planning,TikTok,Constantly,Often,5,Yes,Notifications,8,4,4,7,7,4,3,3.60,2.20,2.33,2.25,4.67,3.60
P0014,synthetic_ai,1,47,40-49,Female,Postgraduate,Full-time employed,Healthcare,7.0,Good,6.0,1.5,Daily,8.5,0.0,1.0,Heavy,Health-related task,4,3,4,2,4,3,3.0,14,2,2,2,2,2,3,2,2,2,2,4,4,4,4,5,4,4,4,2,2,5,Calendar-based planning,Phone calendar,Facebook,Once a day,Rarely,1,Yes,Fear of failure,5,7,7,3,3,7,7,2.10,4.10,3.00,3.09,1.33,7.40
P0015,synthetic_ai,1,29,25-29,Male,Postgraduate,Full-time employed,Technology,6.5,Fair,9.0,3.0,1-2x/week,8.0,0.5,1.0,Heavy,Work project,5,5,3,4,3,4,8.0,7,4,4,4,4,3,3,4,4,3,4,3,3,3,3,3,3,3,3,3,3,3,Daily planner,Todo application,YouTube,Every few hours,Sometimes,3,Yes,Task difficulty,7,6,5,6,6,5,5,3.70,3.00,4.00,3.09,3.00,5.10
P0016,synthetic_ai,1,65,60+,Male,High school,Retired,Other,8.5,Very good,2.5,0.5,Daily,0.0,0.0,0.0,Very light,Household task,2,2,3,1,5,2,3.0,30,1,1,2,1,2,2,1,1,2,2,5,4,4,5,5,4,5,4,1,2,5,Daily planner,Paper notebook,Facebook,Once a day,Never,1,No,Boredom,2,9,8,2,1,9,9,1.60,4.30,2.00,1.00,1.00,9.20
P0017,synthetic_ai,1,33,30-39,Female,Undergraduate,Full-time employed,Business,7.0,Good,7.5,2.5,3-4x/week,8.0,0.0,1.5,Heavy,Financial task,4,3,2,3,4,3,4.0,10,3,3,2,3,3,3,3,3,3,3,4,3,4,4,4,3,4,3,3,2,4,Weekly planner,Phone calendar,Instagram,2-3 times a day,Rarely,2,Yes,Low motivation,6,7,6,4,4,6,6,2.90,3.50,2.67,3.09,2.33,6.30
P0018,synthetic_ai,1,21,21-24,Male,Undergraduate,Student,Education,6.0,Fair,10.0,5.0,Never,1.0,5.0,0.0,Moderate,Exam preparation,5,4,2,5,2,4,6.0,4,5,4,4,5,3,4,4,5,3,4,2,2,2,2,2,2,2,2,4,2,Deadline-driven,Mental planning,YouTube,Constantly,Always,5,Yes,Entertainment,8,4,3,7,7,4,3,4.10,2.20,4.00,2.19,4.67,3.40
P0019,synthetic_ai,1,55,50-59,Female,Postgraduate,Full-time employed,Education,7.5,Good,5.5,1.0,3-4x/week,7.5,1.0,1.0,Heavy,Work project,5,4,4,2,5,4,6.0,14,2,2,2,2,2,2,2,2,2,2,5,5,4,5,5,4,5,4,2,2,5,Weekly planner,Computer calendar,Facebook,Once a day,Rarely,1,No,Fear of failure,4,8,7,3,3,7,8,2.00,4.30,3.33,2.88,1.00,8.00
P0020,synthetic_ai,1,26,25-29,Non-binary,Postgraduate,Freelancer,Creative,6.5,Fair,8.5,4.0,1-2x/week,5.0,1.0,0.0,Moderate,Personal project,3,4,5,3,3,4,8.0,21,3,3,4,3,4,3,3,3,4,3,3,3,2,3,3,3,3,3,4,3,3,Reactive planning,Todo application,Instagram,Every few hours,Sometimes,4,Yes,Perfectionism,6,6,5,5,5,5,5,3.30,2.90,3.67,1.91,3.67,5.20

P0021,synthetic_ai,1,41,40-49,Male,Undergraduate,Full-time employed,Engineering,7.0,Good,7.0,1.5,3-4x/week,9.0,0.0,1.5,Heavy,Work project,5,4,3,3,4,4,8.0,3,3,3,3,3,2,3,3,3,2,3,4,4,4,4,4,4,4,4,3,2,4,Weekly planner,Computer calendar,YouTube,2-3 times a day,Rarely,2,Yes,Task difficulty,6,7,6,4,4,6,6,2.80,3.70,3.67,3.28,2.00,6.40
P0022,synthetic_ai,1,19,18-20,Female,High school,Student,Education,7.0,Fair,8.0,4.0,1-2x/week,0.0,5.0,0.0,Moderate,Exam preparation,5,3,3,4,3,3,5.0,5,4,3,3,4,3,4,4,4,3,4,3,2,3,3,3,2,3,3,4,3,Deadline-driven,Mental planning,Instagram,Every few hours,Often,4,Yes,Low motivation,7,5,5,6,6,5,4,3.60,2.90,3.33,2.19,4.00,4.60
P0023,synthetic_ai,1,37,30-39,Male,Doctoral,Full-time employed,Research,6.0,Fair,8.0,2.0,1-2x/week,10.0,2.0,0.5,Very heavy,Work project,5,5,4,4,3,5,10.0,7,4,4,4,4,4,3,4,4,3,4,4,4,4,4,4,4,4,4,3,2,3,Weekly planner,Computer calendar,LinkedIn,Once a day,Sometimes,3,Yes,Overwhelm,8,5,4,7,7,4,4,3.80,3.70,4.33,4.22,3.00,4.10
P0024,synthetic_ai,1,58,50-59,Female,Undergraduate,Part-time employed,Retail,7.0,Good,4.5,1.0,Daily,5.0,0.0,1.0,Moderate,Email/administrative task,3,2,3,2,4,2,2.0,14,2,2,2,2,2,2,2,2,2,2,4,3,3,4,4,3,4,3,2,2,4,Daily planner,Paper notebook,Facebook,2-3 times a day,Rarely,2,No,Boredom,4,7,7,3,3,7,7,2.00,3.60,2.00,1.97,1.67,7.10
P0025,synthetic_ai,1,24,21-24,Male,Undergraduate,Job seeker,Other,6.5,Fair,8.0,4.5,Never,0.0,2.0,0.5,Light,Job application,4,3,3,4,2,3,4.0,7,4,4,4,4,3,3,4,4,3,4,2,2,2,2,2,2,2,2,4,2,Reactive planning,Mental planning,Instagram,Constantly,Often,5,Yes,Fear of failure,7,5,4,6,6,5,4,3.70,2.20,3.33,1.19,4.33,4.20
P0026,synthetic_ai,1,43,40-49,Female,Postgraduate,Full-time employed,Finance,7.0,Good,6.5,1.5,3-4x/week,9.0,0.0,1.0,Heavy,Financial task,5,4,3,3,4,4,6.0,5,2,2,2,2,2,2,3,2,2,2,5,5,4,5,5,4,5,5,2,2,5,Weekly planner,Computer calendar,LinkedIn,Once a day,Never,1,Yes,Fatigue,6,7,6,4,5,6,7,2.10,4.30,3.33,3.28,1.00,7.00
P0027,synthetic_ai,1,30,30-39,Male,Undergraduate,Full-time employed,Hospitality,6.5,Fair,6.5,2.5,1-2x/week,8.0,0.0,1.0,Heavy,Work project,3,3,3,3,3,3,5.0,10,3,3,3,3,3,3,3,3,3,3,3,3,3,3,3,3,3,3,3,3,3,Mixed strategy,Phone calendar,Instagram,2-3 times a day,Sometimes,3,Yes,Low motivation,6,6,5,5,5,5,5,3.00,3.00,3.00,2.88,3.00,5.30
P0028,synthetic_ai,1,18,18-20,Female,High school,Student,Education,6.5,Fair,9.5,5.5,Never,0.0,4.5,0.0,Moderate,Academic assignment,4,3,2,4,2,3,4.0,3,5,5,4,5,4,4,4,5,3,4,2,2,1,2,2,2,2,2,5,1,Reactive planning,Mental planning,TikTok,Constantly,Always,5,Yes,Social media,8,4,3,7,8,3,3,4.30,1.90,3.33,2.06,5.00,3.20
P0029,synthetic_ai,1,50,50-59,Male,Postgraduate,Full-time employed,Technology,7.0,Good,8.0,2.0,3-4x/week,9.0,0.0,1.0,Heavy,Work project,5,5,3,3,4,4,10.0,7,3,3,3,3,3,3,3,3,3,3,4,4,4,4,4,4,4,4,3,2,4,Weekly planner,Computer calendar,LinkedIn,Once a day,Rarely,2,Yes,Overwhelm,6,6,6,5,5,6,6,3.00,3.70,3.67,3.28,2.00,5.80
P0030,synthetic_ai,1,35,30-39,Female,Undergraduate,Self-employed,Business,7.5,Good,7.0,2.0,3-4x/week,7.0,0.0,0.0,Moderate,Financial task,4,3,3,2,4,3,4.0,21,2,2,2,2,2,2,2,2,2,2,4,4,4,4,4,4,4,4,2,2,4,Weekly planner,Phone calendar,Instagram,2-3 times a day,Never,1,No,Low motivation,4,8,7,3,3,7,8,2.00,3.80,2.67,2.41,1.00,7.60
P0031,synthetic_ai,1,22,21-24,Male,Undergraduate,Student,Education,5.5,Poor,11.0,6.0,Never,1.0,5.0,0.0,Moderate,Exam preparation,5,5,2,5,2,5,7.0,1,5,5,5,5,5,5,5,5,4,5,1,1,1,1,1,1,1,1,5,1,No planning,None,YouTube,Constantly,Always,5,Yes,Entertainment,10,2,2,9,9,2,2,4.90,1.40,5.00,2.19,5.00,1.80
P0032,synthetic_ai,1,46,40-49,Female,Postgraduate,Full-time employed,Healthcare,7.5,Good,5.5,1.0,Daily,8.5,0.0,1.0,Heavy,Health-related task,5,3,4,2,4,3,4.0,14,2,2,2,2,1,2,2,2,2,2,4,4,4,5,5,5,5,4,1,1,5,Calendar-based planning,Phone calendar,Facebook,Once a day,Never,1,No,Fear of failure,4,8,7,3,3,8,8,1.90,4.30,3.00,3.09,1.00,8.20
P0033,synthetic_ai,1,28,25-29,Male,Undergraduate,Full-time employed,Manufacturing,6.5,Fair,6.0,2.0,1-2x/week,9.0,0.0,1.5,Heavy,Work project,4,4,2,3,3,4,8.0,5,3,4,3,3,3,3,3,4,3,3,3,3,3,3,3,3,3,3,3,3,3,Daily planner,Phone calendar,Instagram,2-3 times a day,Sometimes,3,Yes,Fatigue,7,5,5,5,6,5,5,3.20,3.00,3.67,3.28,3.00,5.10
P0034,synthetic_ai,1,67,60+,Female,High school,Retired,Other,8.0,Good,3.0,0.5,Daily,0.0,0.0,0.0,Very light,Household task,2,1,4,1,5,1,2.0,30,1,1,1,1,2,2,1,1,2,1,5,4,4,5,5,4,5,5,1,2,5,Daily planner,Paper notebook,Facebook,Once a day,Never,1,No,Boredom,2,9,8,2,2,9,9,1.30,4.40,1.00,1.00,1.00,9.40
P0035,synthetic_ai,1,32,30-39,Male,Postgraduate,Freelancer,Technology,6.5,Fair,9.0,3.5,1-2x/week,7.0,0.5,0.0,Moderate,Work project,4,4,4,3,3,4,8.0,14,3,3,3,3,3,3,3,3,3,3,3,3,3,3,3,3,3,3,3,3,3,Mixed strategy,Todo application,Reddit,Every few hours,Sometimes,3,Yes,Perfectionism,6,6,5,5,5,5,5,3.00,3.00,3.33,2.41,3.33,5.20
P0036,synthetic_ai,1,20,18-20,Female,High school,Student,Education,6.0,Fair,9.0,5.0,Never,0.0,5.0,0.0,Moderate,Academic assignment,4,3,2,4,2,3,4.0,4,4,4,4,4,3,4,4,4,3,4,2,2,2,2,2,2,2,2,4,2,Reactive planning,Mental planning,TikTok,Constantly,Often,5,Yes,Social media,8,4,3,7,7,4,3,3.80,2.20,3.33,2.06,4.67,3.40
P0037,synthetic_ai,1,53,50-59,Male,Undergraduate,Full-time employed,Government,7.5,Good,5.0,1.0,3-4x/week,8.0,0.0,1.5,Heavy,Email/administrative task,3,2,2,2,4,2,2.0,3,2,2,2,2,2,2,2,2,2,2,4,4,4,5,5,4,5,4,2,2,5,Weekly planner,Computer calendar,LinkedIn,Once a day,Never,1,No,Low motivation,5,7,6,4,4,6,7,2.00,4.10,2.00,2.88,1.00,6.90
P0038,synthetic_ai,1,27,25-29,Female,Postgraduate,Full-time employed,Healthcare,7.0,Good,6.5,2.0,3-4x/week,8.0,0.5,1.0,Heavy,Work project,5,4,3,3,4,4,7.0,5,3,3,3,3,2,3,3,3,2,3,4,4,4,4,4,4,4,4,3,2,4,Weekly planner,Phone calendar,Instagram,2-3 times a day,Rarely,2,Yes,Fatigue,6,7,6,4,5,6,7,2.80,3.70,3.67,3.09,2.00,6.50
P0039,synthetic_ai,1,42,40-49,Male,Undergraduate,Full-time employed,Engineering,7.0,Good,7.5,2.0,3-4x/week,9.0,0.0,1.5,Heavy,Work project,5,5,3,4,4,5,10.0,7,3,4,3,3,3,3,4,4,3,4,4,4,4,4,4,4,4,4,3,2,4,Weekly planner,Computer calendar,YouTube,Once a day,Sometimes,3,Yes,Task difficulty,7,6,5,5,5,5,5,3.40,3.70,4.33,3.28,2.67,5.30
P0040,synthetic_ai,1,24,21-24,Female,Undergraduate,Part-time employed,Hospitality,5.5,Poor,9.0,5.0,Never,4.0,2.0,1.0,Moderate,Personal project,3,3,4,3,3,3,5.0,21,4,3,3,4,3,3,3,4,3,3,2,2,2,2,2,2,2,2,4,2,Reactive planning,Mental planning,Instagram,Constantly,Often,5,Yes,Low motivation,8,4,4,7,7,4,3,3.30,2.20,3.00,2.25,4.67,3.40
P0041,synthetic_ai,1,60,60+,Female,Undergraduate,Part-time employed,Education,7.5,Good,4.5,1.0,Daily,5.0,1.0,0.5,Moderate,Work project,4,3,4,2,4,3,4.0,14,2,2,2,2,2,2,2,2,2,2,4,4,3,4,4,4,4,4,2,2,4,Weekly planner,Paper notebook,Facebook,Once a day,Rarely,1,No,Boredom,4,8,7,3,3,7,7,2.00,3.70,2.33,2.00,1.00,7.30
P0042,synthetic_ai,1,36,30-39,Male,Doctoral,Full-time employed,Research,6.5,Fair,8.5,2.5,1-2x/week,10.0,2.5,0.5,Very heavy,Work project,5,5,4,4,3,5,12.0,5,4,4,4,4,3,4,4,4,3,4,4,4,4,4,4,4,4,4,3,2,3,Weekly planner,Computer calendar,LinkedIn,Once a day,Sometimes,3,Yes,Overwhelm,8,5,4,7,7,4,4,3.80,3.70,4.33,4.22,3.00,4.10
P0043,synthetic_ai,1,23,21-24,Male,Diploma,Job seeker,Other,6.5,Fair,8.0,4.0,1-2x/week,0.0,2.0,0.5,Light,Job application,4,3,3,4,2,3,3.0,7,4,4,3,4,3,3,3,4,3,3,2,2,2,2,2,2,2,2,4,2,Reactive planning,Mental planning,Instagram,Every few hours,Often,4,Yes,Fear of failure,7,5,4,6,6,5,4,3.40,2.20,3.33,1.06,3.67,4.30
P0044,synthetic_ai,1,48,40-49,Female,Postgraduate,Full-time employed,Healthcare,7.0,Good,5.5,1.0,Daily,8.5,0.0,1.0,Heavy,Health-related task,5,3,4,2,4,3,4.0,21,2,2,2,2,1,2,2,2,2,2,5,5,4,5,5,4,5,4,1,1,5,Calendar-based planning,Phone calendar,Facebook,Once a day,Never,1,No,Fatigue,4,8,7,3,3,7,8,1.90,4.40,3.00,3.09,1.00,8.20
P0045,synthetic_ai,1,29,25-29,Male,Undergraduate,Full-time employed,Technology,6.0,Fair,9.0,3.5,1-2x/week,8.0,0.5,1.0,Heavy,Work project,5,5,3,4,3,4,9.0,5,4,4,4,4,4,3,4,4,3,4,3,3,3,3,3,3,3,3,3,3,3,Daily planner,Todo application,YouTube,Every few hours,Sometimes,3,Yes,Task difficulty,7,6,5,6,6,5,5,3.80,3.00,4.00,3.09,3.00,5.10
P0046,synthetic_ai,1,57,50-59,Female,Undergraduate,Full-time employed,Education,7.5,Good,5.5,1.0,3-4x/week,7.5,1.0,1.0,Heavy,Academic assignment,4,3,3,2,4,3,4.0,14,2,2,2,2,2,2,2,2,2,2,5,4,4,5,5,4,5,4,1,2,5,Weekly planner,Computer calendar,Facebook,Once a day,Never,1,No,Low motivation,4,8,7,3,3,7,8,2.00,4.30,2.33,2.88,1.00,7.90
P0047,synthetic_ai,1,26,25-29,Female,Undergraduate,Full-time employed,Finance,6.5,Fair,7.5,2.5,1-2x/week,8.0,0.0,1.5,Heavy,Financial task,4,3,2,3,3,3,5.0,7,3,3,3,3,3,3,3,3,3,3,3,3,3,3,3,3,3,3,3,3,3,Daily planner,Phone calendar,Instagram,2-3 times a day,Sometimes,3,Yes,Boredom,6,6,5,5,5,5,5,3.00,3.00,2.67,3.09,3.00,5.30
P0048,synthetic_ai,1,39,30-39,Male,Undergraduate,Full-time employed,Business,7.0,Good,7.0,2.0,3-4x/week,8.5,0.0,1.0,Heavy,Work project,4,4,3,3,3,4,7.0,10,3,3,3,3,3,3,3,3,3,3,4,4,3,4,4,3,4,3,3,2,4,Weekly planner,Phone calendar,LinkedIn,2-3 times a day,Rarely,2,Yes,Low motivation,6,6,6,5,5,6,6,3.00,3.50,3.00,3.09,2.00,5.70
P0049,synthetic_ai,1,21,21-24,Female,Undergraduate,Student,Education,6.0,Poor,10.0,5.5,Never,0.0,6.0,0.0,Moderate,Academic assignment,5,4,2,5,2,4,6.0,3,5,5,4,5,4,4,4,5,3,4,2,2,1,2,2,2,2,2,5,1,No planning,None,TikTok,Constantly,Always,5,Yes,Social media,9,3,3,8,8,3,2,4.30,1.90,4.33,2.06,5.00,2.70
P0050,synthetic_ai,1,44,40-49,Male,Postgraduate,Full-time employed,Technology,7.0,Good,8.0,2.0,3-4x/week,9.0,0.0,1.5,Heavy,Work project,5,5,3,4,4,5,10.0,7,3,3,3,3,3,3,3,3,2,3,4,4,4,4,4,4,4,4,3,2,4,Weekly planner,Computer calendar,LinkedIn,Once a day,Rarely,2,Yes,Task difficulty,6,7,6,5,5,6,6,2.90,3.70,4.00,3.28,2.00,6.10
P0051,synthetic_ai,1,31,30-39,Female,Postgraduate,Self-employed,Creative,7.0,Good,7.5,3.0,3-4x/week,6.0,1.0,0.0,Moderate,Creative task,3,3,5,2,3,3,6.0,21,2,2,3,2,3,3,2,2,3,2,4,4,4,4,4,4,4,4,2,3,4,Weekly planner,Todo application,Instagram,2-3 times a day,Rarely,2,Yes,Perfectionism,4,7,7,4,3,7,7,2.40,3.80,3.00,2.25,2.00,7.10
P0052,synthetic_ai,1,68,60+,Male,High school,Retired,Other,8.5,Very good,2.5,0.5,Daily,0.0,0.0,0.0,Very light,Household task,2,2,4,1,5,2,3.0,30,1,1,1,1,2,2,1,1,2,1,5,4,4,5,5,4,5,5,1,2,5,Daily planner,Paper notebook,Facebook,Once a day,Never,1,No,Boredom,2,9,8,2,2,9,9,1.30,4.40,1.67,1.00,1.00,9.40
P0053,synthetic_ai,1,25,25-29,Male,Undergraduate,Freelancer,Creative,6.0,Fair,9.0,4.0,Never,5.0,1.0,0.0,Moderate,Creative task,3,4,5,3,2,4,8.0,14,3,3,4,3,4,3,3,3,4,3,3,3,2,3,3,3,3,3,4,3,3,Reactive planning,Todo application,Instagram,Every few hours,Often,4,Yes,Perfectionism,6,6,5,5,5,5,5,3.30,2.90,3.33,1.91,3.67,5.20
P0054,synthetic_ai,1,49,40-49,Female,Undergraduate,Full-time employed,Government,7.0,Good,5.5,1.0,3-4x/week,8.0,0.0,1.0,Heavy,Email/administrative task,3,2,3,2,4,2,3.0,7,2,2,2,2,2,2,2,2,2,2,4,4,4,4,4,4,4,4,2,2,4,Weekly planner,Computer calendar,Facebook,Once a day,Never,1,No,Low motivation,5,7,6,4,4,6,7,2.00,3.80,2.33,2.88,1.00,6.90
P0055,synthetic_ai,1,22,21-24,Male,Undergraduate,Student,Education,5.5,Poor,10.0,5.5,Never,2.0,5.0,0.0,Moderate,Exam preparation,5,4,2,5,2,4,6.0,2,5,5,4,5,4,5,4,5,3,4,1,1,1,1,1,1,1,1,5,1,No planning,None,YouTube,Constantly,Always,5,Yes,Entertainment,9,3,3,8,8,3,2,4.40,1.40,4.00,2.19,5.00,2.50
P0056,synthetic_ai,1,34,30-39,Female,Postgraduate,Full-time employed,Healthcare,7.0,Good,6.0,1.5,3-4x/week,8.5,0.0,1.0,Heavy,Work project,5,4,3,3,4,4,7.0,5,3,3,2,3,2,3,3,3,2,3,4,4,4,4,4,4,4,4,3,2,4,Weekly planner,Phone calendar,LinkedIn,Once a day,Rarely,2,Yes,Fatigue,6,7,6,4,5,6,6,2.70,3.70,3.33,3.09,2.00,6.50
P0057,synthetic_ai,1,72,60+,Female,Undergraduate,Retired,Other,8.0,Good,3.0,0.5,Daily,0.0,0.0,0.0,Very light,Personal project,2,2,4,1,4,2,3.0,30,1,1,2,1,2,2,1,1,2,2,4,4,3,4,4,3,4,4,2,2,4,Daily planner,Paper notebook,Facebook,Once a day,Never,1,No,Boredom,3,8,7,2,2,8,8,1.60,3.60,1.67,1.00,1.00,8.00
P0058,synthetic_ai,1,27,25-29,Male,Diploma,Full-time employed,Manufacturing,6.5,Fair,6.0,2.0,1-2x/week,9.0,0.0,1.5,Heavy,Work project,4,4,2,3,3,4,8.0,5,3,4,3,3,3,3,3,4,3,3,3,3,3,3,3,3,3,3,3,3,3,Daily planner,Phone calendar,Instagram,2-3 times a day,Sometimes,3,Yes,Fatigue,7,5,5,5,6,5,5,3.20,3.00,3.33,3.28,3.00,5.00
P0059,synthetic_ai,1,33,30-39,Female,Undergraduate,Full-time employed,Business,7.0,Good,7.0,2.0,3-4x/week,8.0,0.0,1.5,Heavy,Financial task,4,3,3,2,4,3,4.0,10,2,2,2,2,2,2,2,2,2,2,5,4,4,5,5,4,5,4,2,2,5,Weekly planner,Phone calendar,Instagram,2-3 times a day,Never,1,No,Low motivation,4,8,7,3,3,7,7,2.00,4.30,2.33,3.09,1.00,7.70
P0060,synthetic_ai,1,19,18-20,Male,High school,Student,Education,6.5,Fair,9.0,5.0,Never,0.0,5.0,0.0,Moderate,Academic assignment,4,3,2,4,2,3,4.0,5,4,4,3,4,3,4,4,4,3,4,2,2,2,2,2,2,2,2,4,2,Reactive planning,Mental planning,Instagram,Every few hours,Often,4,Yes,Low motivation,7,5,5,6,6,5,4,3.60,2.20,3.33,2.06,4.00,4.50

P0061,synthetic_ai,1,45,40-49,Female,Postgraduate,Full-time employed,Finance,7.5,Good,6.5,1.5,3-4x/week,9.0,0.0,1.0,Heavy,Financial task,5,4,3,3,4,4,6.0,3,2,2,2,2,2,2,3,2,2,2,5,5,4,5,5,4,5,5,2,2,5,Calendar-based planning,Computer calendar,LinkedIn,Once a day,Never,1,Yes,Fatigue,5,7,6,4,4,7,7,2.10,4.30,3.33,3.28,1.00,7.10
P0062,synthetic_ai,1,23,21-24,Female,Undergraduate,Student,Education,6.0,Poor,9.5,5.0,Never,1.0,5.5,0.0,Moderate,Academic assignment,5,4,2,4,2,3,5.0,3,5,4,4,5,4,4,4,5,3,4,2,2,1,2,2,2,2,2,5,1,Deadline-driven,Mental planning,TikTok,Constantly,Always,5,Yes,Social media,9,3,3,8,8,3,2,4.20,1.90,3.33,2.19,5.00,2.80
P0063,synthetic_ai,1,38,30-39,Male,Undergraduate,Full-time employed,Retail,6.5,Fair,6.5,2.0,1-2x/week,8.0,0.0,1.0,Heavy,Email/administrative task,3,2,2,2,3,2,2.0,5,3,3,3,3,3,3,3,3,3,3,3,3,3,3,3,3,3,3,3,3,3,Daily planner,Phone calendar,Instagram,2-3 times a day,Sometimes,3,Yes,Boredom,6,6,5,5,5,5,5,3.00,3.00,2.33,2.88,3.00,5.30
P0064,synthetic_ai,1,54,50-59,Female,Postgraduate,Full-time employed,Healthcare,7.5,Good,5.0,1.0,Daily,8.0,0.0,1.0,Heavy,Health-related task,4,3,4,2,4,3,4.0,14,2,2,2,2,1,2,2,2,2,2,4,4,4,5,5,4,5,4,1,2,5,Calendar-based planning,Phone calendar,Facebook,Once a day,Never,1,No,Fear of failure,4,8,7,3,3,7,8,1.90,4.30,3.00,2.88,1.00,8.10
P0065,synthetic_ai,1,29,25-29,Non-binary,Postgraduate,Full-time employed,Technology,6.5,Fair,8.0,2.5,1-2x/week,8.5,0.5,0.5,Heavy,Work project,4,4,3,3,3,4,7.0,10,3,3,3,3,3,3,3,3,3,3,3,3,3,3,3,3,3,3,3,3,3,Mixed strategy,Todo application,Reddit,Every few hours,Sometimes,3,Yes,Lack of clarity,6,6,5,5,5,5,5,3.00,3.00,3.33,3.09,3.33,5.20
P0066,synthetic_ai,1,61,60+,Male,Undergraduate,Retired,Other,8.5,Very good,3.0,0.5,Daily,0.0,0.0,0.0,Very light,Household task,2,2,4,1,5,2,2.0,30,1,1,2,1,2,2,1,1,2,1,5,4,3,5,5,4,5,5,1,2,5,Daily planner,Paper notebook,Facebook,Once a day,Never,1,No,Boredom,2,9,8,2,1,9,9,1.40,4.30,1.67,1.00,1.00,9.50
P0067,synthetic_ai,1,26,25-29,Male,Undergraduate,Full-time employed,Engineering,6.5,Fair,8.0,2.5,1-2x/week,9.0,0.0,1.5,Heavy,Work project,5,4,3,4,3,4,8.0,5,3,4,3,3,3,3,3,4,3,3,3,3,3,3,3,3,3,3,3,3,3,Daily planner,Phone calendar,YouTube,2-3 times a day,Sometimes,3,Yes,Task difficulty,7,5,5,5,6,5,5,3.20,3.00,3.67,3.28,3.00,5.00
P0068,synthetic_ai,1,35,30-39,Female,Undergraduate,Self-employed,Creative,7.0,Good,8.0,3.5,1-2x/week,6.0,0.5,0.0,Moderate,Creative task,3,3,5,2,3,3,6.0,21,2,2,3,2,3,3,2,2,3,2,4,4,3,4,4,3,4,4,2,3,4,Weekly planner,Todo application,Instagram,2-3 times a day,Rarely,2,Yes,Perfectionism,4,7,7,3,3,7,7,2.40,3.70,2.67,2.25,2.00,7.20
P0069,synthetic_ai,1,42,40-49,Male,Doctoral,Full-time employed,Research,6.5,Fair,8.5,2.0,1-2x/week,10.0,2.0,0.5,Very heavy,Work project,5,5,4,4,3,5,12.0,5,4,4,4,4,3,4,4,4,3,4,4,4,4,4,4,4,4,4,3,2,3,Weekly planner,Computer calendar,LinkedIn,Once a day,Sometimes,3,Yes,Overwhelm,8,5,4,6,7,4,4,3.80,3.70,4.33,4.22,3.00,4.20
P0070,synthetic_ai,1,20,18-20,Female,High school,Student,Education,6.0,Fair,9.0,5.0,Never,0.0,5.0,0.0,Moderate,Academic assignment,4,3,2,4,2,3,4.0,3,4,4,4,4,3,4,3,4,3,3,2,2,2,2,2,2,2,2,4,2,Reactive planning,Mental planning,TikTok,Constantly,Often,5,Yes,Social media,8,4,3,7,7,4,3,3.60,2.20,3.33,2.06,4.67,3.40
P0071,synthetic_ai,1,47,40-49,Female,Postgraduate,Full-time employed,Government,7.0,Good,5.5,1.0,3-4x/week,8.5,0.0,1.0,Heavy,Email/administrative task,3,2,2,2,4,2,3.0,7,2,2,2,2,2,2,2,2,2,2,4,4,4,5,5,4,5,4,2,2,5,Weekly planner,Computer calendar,LinkedIn,Once a day,Never,1,No,Low motivation,5,7,6,3,4,6,7,2.00,4.10,2.00,3.09,1.00,7.10
P0072,synthetic_ai,1,24,21-24,Male,Diploma,Job seeker,Other,6.0,Fair,8.0,4.5,Never,0.0,2.0,0.5,Light,Job application,4,3,3,4,2,3,3.0,7,4,4,3,4,3,3,3,4,3,3,2,2,2,2,2,2,2,2,4,2,Reactive planning,Mental planning,Instagram,Constantly,Often,5,Yes,Fear of failure,7,5,4,6,6,5,4,3.40,2.20,3.33,1.06,4.33,4.20
P0073,synthetic_ai,1,52,50-59,Male,Postgraduate,Full-time employed,Technology,7.0,Good,7.5,1.5,3-4x/week,9.0,0.0,1.0,Heavy,Work project,5,5,3,3,4,5,10.0,7,3,3,3,3,3,3,3,3,3,3,4,4,4,4,4,4,4,4,3,2,4,Weekly planner,Computer calendar,LinkedIn,Once a day,Rarely,2,Yes,Overwhelm,6,7,6,5,5,6,6,3.00,3.70,3.67,3.28,2.00,5.90
P0074,synthetic_ai,1,30,30-39,Female,Undergraduate,Full-time employed,Education,7.0,Good,6.0,2.0,3-4x/week,7.0,1.0,1.0,Moderate,Academic assignment,4,3,3,3,4,3,4.0,14,2,3,2,3,2,3,3,3,3,3,4,3,3,4,4,3,3,3,3,3,3,Daily planner,Phone calendar,Instagram,2-3 times a day,Rarely,2,Yes,Low motivation,5,7,6,4,4,6,6,2.80,3.20,3.00,2.50,2.00,6.40
P0075,synthetic_ai,1,18,18-20,Male,High school,Student,Education,6.5,Fair,8.5,4.5,Never,0.0,4.5,0.0,Moderate,Exam preparation,5,4,2,5,2,4,5.0,2,5,5,4,5,4,5,5,5,4,4,1,1,1,1,1,1,1,1,5,1,No planning,None,YouTube,Constantly,Always,5,Yes,Entertainment,9,3,3,9,9,3,2,4.70,1.40,4.33,2.06,5.00,2.20
P0076,synthetic_ai,1,40,40-49,Female,Postgraduate,Full-time employed,Healthcare,7.5,Good,6.0,1.5,Daily,8.0,0.0,1.0,Heavy,Health-related task,5,3,4,2,4,3,4.0,14,2,2,2,2,1,2,2,2,2,2,5,5,4,5,5,4,5,4,1,2,5,Calendar-based planning,Phone calendar,Facebook,Once a day,Never,1,No,Fear of failure,4,8,7,3,3,7,8,1.90,4.30,3.00,3.09,1.00,8.20
P0077,synthetic_ai,1,28,25-29,Male,Postgraduate,Full-time employed,Finance,7.0,Good,7.0,2.0,1-2x/week,8.5,0.0,1.5,Heavy,Financial task,4,3,2,3,3,3,5.0,7,3,3,3,3,3,3,3,3,3,3,3,3,3,3,3,3,3,3,3,3,3,Daily planner,Phone calendar,LinkedIn,2-3 times a day,Rarely,2,Yes,Boredom,6,6,5,4,5,5,5,3.00,3.00,2.67,3.09,2.00,5.50
P0078,synthetic_ai,1,63,60+,Female,Diploma,Retired,Other,8.0,Good,3.5,0.5,Daily,0.0,0.0,0.0,Very light,Household task,2,2,3,1,5,2,2.0,30,1,1,1,1,2,2,1,1,2,1,5,4,4,5,5,4,5,5,1,2,5,Daily planner,Paper notebook,Facebook,Once a day,Never,1,No,Boredom,2,9,8,2,1,9,9,1.30,4.40,1.67,1.00,1.00,9.50
P0079,synthetic_ai,1,33,30-39,Male,Undergraduate,Freelancer,Technology,6.5,Fair,9.0,3.0,1-2x/week,7.0,0.5,0.0,Moderate,Work project,4,4,4,3,3,4,8.0,14,3,3,3,3,3,3,3,3,3,3,3,3,3,3,3,3,3,3,3,3,3,Mixed strategy,Todo application,Reddit,Every few hours,Sometimes,3,Yes,Perfectionism,6,6,5,5,5,5,5,3.00,3.00,3.33,2.41,3.33,5.20
P0080,synthetic_ai,1,21,21-24,Female,Undergraduate,Student,Education,5.5,Poor,10.5,6.0,Never,0.0,6.0,0.0,Moderate,Exam preparation,5,4,2,5,2,4,6.0,2,5,5,5,5,4,4,4,5,3,4,2,1,1,2,2,2,2,2,5,1,No planning,None,TikTok,Constantly,Always,5,Yes,Social media,9,3,3,8,8,3,2,4.40,1.90,4.00,2.06,5.00,2.50
P0081,synthetic_ai,1,46,40-49,Male,Undergraduate,Full-time employed,Engineering,7.5,Good,7.0,2.0,3-4x/week,9.0,0.0,1.5,Heavy,Work project,5,5,3,3,4,4,9.0,5,3,3,3,3,3,3,3,3,2,3,4,4,4,4,4,4,4,4,3,2,4,Weekly planner,Computer calendar,YouTube,Once a day,Sometimes,2,Yes,Task difficulty,6,7,6,5,5,6,6,2.90,3.70,3.33,3.28,2.33,6.10
P0082,synthetic_ai,1,25,25-29,Female,Diploma,Part-time employed,Hospitality,5.5,Poor,8.5,4.0,Never,5.0,1.0,1.0,Moderate,Household task,3,2,3,3,3,2,3.0,14,4,3,4,4,3,4,3,4,3,3,2,2,2,2,2,2,2,2,4,2,Reactive planning,Mental planning,Instagram,Every few hours,Often,4,Yes,Fatigue,8,4,4,6,7,4,3,3.50,2.20,2.67,2.06,4.00,3.60
P0083,synthetic_ai,1,37,30-39,Female,Postgraduate,Full-time employed,Research,7.0,Good,6.5,1.5,3-4x/week,8.5,1.0,0.5,Heavy,Work project,5,4,4,3,4,4,8.0,7,3,3,2,3,2,3,3,3,2,3,4,4,4,4,4,4,4,4,3,2,4,Weekly planner,Computer calendar,LinkedIn,Once a day,Rarely,2,Yes,Overwhelm,6,7,6,4,5,6,6,2.70,3.70,3.33,3.09,2.00,6.50
P0084,synthetic_ai,1,55,50-59,Male,Postgraduate,Full-time employed,Government,7.5,Good,5.0,1.0,3-4x/week,8.0,0.0,1.5,Heavy,Email/administrative task,3,2,2,2,4,2,2.0,3,2,2,2,2,2,2,2,2,2,2,4,4,4,5,5,4,5,4,2,2,5,Weekly planner,Computer calendar,LinkedIn,Once a day,Never,1,No,Low motivation,4,8,7,3,3,7,8,2.00,4.10,2.00,2.88,1.00,7.90
P0085,synthetic_ai,1,22,21-24,Male,Undergraduate,Student,Education,6.0,Fair,10.0,5.0,Never,1.0,5.0,0.0,Moderate,Academic assignment,4,4,2,4,2,4,5.0,4,4,4,4,4,4,4,4,4,3,4,2,2,2,2,2,2,2,2,4,2,Deadline-driven,Mental planning,YouTube,Constantly,Often,5,Yes,Entertainment,8,4,4,7,7,4,3,3.90,2.20,3.67,2.19,4.67,3.50
P0086,synthetic_ai,1,43,40-49,Female,Undergraduate,Full-time employed,Finance,7.0,Good,6.5,1.5,3-4x/week,9.0,0.0,1.0,Heavy,Financial task,4,4,3,3,3,4,6.0,7,2,2,2,2,2,2,2,2,2,2,4,4,4,5,5,4,5,4,2,2,5,Calendar-based planning,Computer calendar,LinkedIn,Once a day,Never,1,Yes,Low motivation,5,7,6,4,4,6,7,2.00,4.10,3.00,3.28,1.00,7.00
P0087,synthetic_ai,1,27,25-29,Male,Undergraduate,Full-time employed,Technology,6.5,Fair,8.5,3.0,1-2x/week,8.0,0.5,1.0,Heavy,Work project,5,5,3,4,3,4,8.0,5,4,4,4,4,3,3,4,4,3,4,3,3,3,3,3,3,3,3,3,3,3,Daily planner,Todo application,Reddit,Every few hours,Sometimes,3,Yes,Task difficulty,7,6,5,6,6,5,5,3.70,3.00,4.00,3.09,3.33,5.00
P0088,synthetic_ai,1,48,40-49,Female,Postgraduate,Full-time employed,Healthcare,7.5,Good,5.5,1.0,Daily,8.5,0.0,1.0,Heavy,Health-related task,5,3,4,2,5,3,4.0,14,2,2,2,2,1,2,2,2,2,2,5,5,4,5,5,4,5,5,1,1,5,Calendar-based planning,Phone calendar,Facebook,Once a day,Never,1,No,Fatigue,4,8,7,3,3,7,8,1.90,4.40,3.33,3.09,1.00,8.20
P0089,synthetic_ai,1,31,30-39,Male,Diploma,Full-time employed,Retail,6.5,Fair,7.0,2.5,1-2x/week,8.0,0.0,1.0,Moderate,Email/administrative task,3,2,2,2,3,2,2.0,5,3,3,3,3,3,3,3,3,3,3,3,3,3,3,3,3,3,3,3,3,3,Daily planner,Phone calendar,Instagram,2-3 times a day,Sometimes,3,Yes,Boredom,6,6,5,5,5,5,5,3.00,3.00,2.33,2.88,3.00,5.30
P0090,synthetic_ai,1,19,18-20,Female,High school,Student,Education,6.5,Fair,9.0,5.0,Never,0.0,5.0,0.0,Moderate,Exam preparation,5,3,2,4,2,3,5.0,3,5,4,4,4,3,4,4,5,3,4,2,2,2,2,2,2,2,2,4,2,Reactive planning,Mental planning,TikTok,Constantly,Often,5,Yes,Social media,8,4,4,7,7,4,3,3.80,2.20,3.33,2.06,4.67,3.60
P0091,synthetic_ai,1,58,50-59,Male,Undergraduate,Full-time employed,Manufacturing,7.0,Good,5.5,1.0,3-4x/week,8.5,0.0,1.5,Heavy,Work project,4,4,2,3,3,4,8.0,7,3,3,3,3,3,3,3,3,3,3,4,4,3,4,4,3,4,3,3,2,3,Weekly planner,Computer calendar,YouTube,Once a day,Rarely,2,Yes,Task difficulty,6,6,6,4,5,6,6,3.00,3.50,3.00,3.09,2.00,5.80
P0092,synthetic_ai,1,26,25-29,Female,Undergraduate,Full-time employed,Business,6.5,Fair,7.5,2.5,1-2x/week,7.5,0.0,1.0,Moderate,Work project,4,3,3,3,3,3,5.0,10,3,3,3,3,3,3,3,3,3,3,3,3,3,3,3,3,3,3,3,3,3,Mixed strategy,Phone calendar,Instagram,2-3 times a day,Sometimes,3,Yes,Low motivation,6,6,5,5,5,5,5,3.00,3.00,3.00,2.66,3.00,5.30
P0093,synthetic_ai,1,41,40-49,Male,Postgraduate,Full-time employed,Technology,7.0,Good,8.0,2.0,3-4x/week,9.0,0.0,1.0,Heavy,Work project,5,5,3,4,4,5,10.0,7,3,3,3,3,3,3,3,3,2,3,4,4,4,4,4,4,4,4,3,2,4,Weekly planner,Computer calendar,LinkedIn,Once a day,Rarely,2,Yes,Overwhelm,6,7,6,5,5,6,6,2.90,3.70,4.00,3.28,2.00,6.00
P0094,synthetic_ai,1,23,21-24,Male,Undergraduate,Student,Education,5.5,Poor,11.0,6.0,Never,1.0,5.5,0.0,Moderate,Exam preparation,5,5,2,5,2,5,7.0,1,5,5,5,5,5,5,5,5,4,5,1,1,1,1,1,1,1,1,5,1,No planning,None,YouTube,Constantly,Always,5,Yes,Entertainment,10,2,2,9,9,2,2,4.90,1.40,5.00,2.19,5.00,1.80
P0095,synthetic_ai,1,36,30-39,Female,Doctoral,Full-time employed,Research,7.0,Good,7.5,1.5,1-2x/week,9.5,2.0,0.5,Very heavy,Work project,5,5,4,4,3,5,12.0,5,4,4,4,4,3,4,4,4,3,4,4,4,4,4,4,4,4,4,3,2,3,Weekly planner,Computer calendar,LinkedIn,Once a day,Sometimes,3,Yes,Overwhelm,8,5,4,7,7,4,4,3.80,3.70,4.33,4.41,3.00,4.10
P0096,synthetic_ai,1,50,50-59,Female,Undergraduate,Homemaker/caregiver,Other,8.0,Good,4.5,1.0,1-2x/week,2.0,0.0,0.5,Light,Household task,3,2,3,2,4,2,3.0,14,2,2,2,2,2,2,2,2,2,2,4,3,3,4,4,3,4,3,2,2,4,Daily planner,Paper notebook,Facebook,Once a day,Rarely,1,No,Boredom,4,7,7,3,3,7,7,2.00,3.60,2.00,1.16,1.00,7.30
P0097,synthetic_ai,1,28,25-29,Male,Undergraduate,Full-time employed,Hospitality,6.5,Fair,6.5,2.5,1-2x/week,8.0,0.0,1.5,Heavy,Work project,3,3,3,3,3,3,5.0,10,3,3,3,3,3,3,3,3,3,3,3,3,3,3,3,3,3,3,3,3,3,Daily planner,Phone calendar,Instagram,2-3 times a day,Sometimes,3,Yes,Low motivation,6,6,5,5,5,5,5,3.00,3.00,3.00,2.88,3.00,5.30
P0098,synthetic_ai,1,44,40-49,Female,Postgraduate,Full-time employed,Healthcare,7.0,Good,6.0,1.5,Daily,8.5,0.0,1.0,Heavy,Health-related task,5,3,4,2,4,3,4.0,21,2,2,2,2,1,2,2,2,2,2,5,5,4,5,5,4,5,4,1,1,5,Calendar-based planning,Phone calendar,Facebook,Once a day,Never,1,No,Fatigue,4,8,7,3,3,7,8,1.90,4.40,3.00,3.09,1.00,8.20
P0099,synthetic_ai,1,32,30-39,Male,Undergraduate,Freelancer,Creative,6.5,Fair,9.0,4.0,Never,6.0,0.5,0.0,Moderate,Creative task,3,4,5,3,2,4,9.0,14,3,3,4,3,4,3,3,3,4,3,3,3,2,3,3,3,3,3,4,3,3,Reactive planning,Todo application,Instagram,Every few hours,Often,4,Yes,Perfectionism,6,6,5,5,5,5,5,3.30,2.90,3.33,2.09,3.67,5.20
P0100,synthetic_ai,1,66,60+,Male,High school,Retired,Other,8.5,Very good,2.5,0.5,Daily,0.0,0.0,0.0,Very light,Household task,2,1,4,1,5,1,2.0,30,1,1,1,1,2,1,1,1,2,1,5,4,4,5,5,4,5,5,1,2,5,Daily planner,Paper notebook,Facebook,Once a day,Never,1,No,Boredom,2,9,9,2,1,9,9,1.20,4.40,1.00,1.00,1.00,9.60

P0101,synthetic_ai,1,24,21-24,Female,Undergraduate,Part-time employed,Retail,5.5,Poor,9.0,4.5,Never,4.0,2.5,1.0,Moderate,Personal project,3,3,4,3,3,3,5.0,21,4,3,3,4,3,3,3,4,3,3,2,2,2,2,2,2,2,2,4,2,Reactive planning,Mental planning,TikTok,Constantly,Often,5,Yes,Low motivation,8,4,4,7,7,4,3,3.30,2.20,3.00,2.25,4.67,3.40
P0102,synthetic_ai,1,39,30-39,Male,Postgraduate,Full-time employed,Technology,7.0,Good,8.5,2.0,3-4x/week,9.0,0.0,1.0,Heavy,Work project,5,5,3,4,4,5,10.0,7,3,3,3,3,3,3,3,3,2,3,4,4,4,4,4,4,4,4,3,2,4,Weekly planner,Computer calendar,LinkedIn,Once a day,Rarely,2,Yes,Task difficulty,6,7,6,5,5,6,6,2.90,3.70,4.00,3.28,2.00,6.10
P0103,synthetic_ai,1,54,50-59,Female,Undergraduate,Full-time employed,Education,7.5,Good,5.5,1.0,3-4x/week,7.5,1.0,1.0,Heavy,Work project,4,3,4,2,4,3,5.0,14,2,2,2,2,2,2,2,2,2,2,5,5,4,5,5,4,5,4,2,2,5,Weekly planner,Computer calendar,Facebook,Once a day,Never,1,No,Low motivation,4,8,7,3,3,7,8,2.00,4.30,2.33,2.88,1.00,8.00
P0104,synthetic_ai,1,22,21-24,Male,Undergraduate,Student,Education,5.5,Poor,10.5,5.5,Never,1.0,5.5,0.0,Moderate,Exam preparation,5,4,2,5,3,4,6.0,3,5,5,4,5,4,5,4,5,3,4,1,1,1,1,1,1,1,1,5,1,No planning,None,YouTube,Constantly,Always,5,Yes,Entertainment,9,3,3,8,8,3,2,4.40,1.40,4.33,2.19,5.00,2.50
P0105,synthetic_ai,1,46,40-49,Female,Postgraduate,Full-time employed,Healthcare,7.0,Good,5.5,1.0,Daily,8.5,0.0,1.0,Heavy,Health-related task,5,3,4,2,4,3,4.0,14,2,2,2,2,1,2,2,2,2,2,5,5,4,5,5,4,5,4,1,2,5,Calendar-based planning,Phone calendar,Facebook,Once a day,Never,1,No,Fear of failure,4,8,7,3,3,7,8,1.90,4.30,3.00,3.09,1.00,8.20
P0106,synthetic_ai,1,27,25-29,Male,Postgraduate,Full-time employed,Finance,7.0,Good,7.0,2.0,1-2x/week,8.5,0.0,1.5,Heavy,Financial task,4,3,2,3,3,3,5.0,7,3,3,3,3,3,3,3,3,3,3,3,3,3,3,3,3,3,3,3,3,3,Daily planner,Phone calendar,LinkedIn,2-3 times a day,Rarely,2,Yes,Boredom,6,6,5,4,5,5,5,3.00,3.00,2.67,3.09,2.00,5.50
P0107,synthetic_ai,1,35,30-39,Female,Undergraduate,Self-employed,Business,7.0,Good,7.5,2.5,3-4x/week,7.0,0.0,0.0,Moderate,Financial task,4,3,3,2,4,3,4.0,10,2,2,2,2,2,2,2,2,2,2,4,4,4,4,4,4,4,4,2,2,4,Weekly planner,Phone calendar,Instagram,2-3 times a day,Never,1,No,Low motivation,4,8,7,3,3,7,7,2.00,3.80,2.67,2.41,1.00,7.60
P0108,synthetic_ai,1,60,60+,Female,Undergraduate,Retired,Other,8.0,Good,3.5,0.5,Daily,0.0,0.0,0.0,Very light,Household task,2,2,4,1,5,2,2.0,30,1,1,2,1,2,2,1,1,2,1,5,4,4,5,5,4,5,5,1,2,5,Daily planner,Paper notebook,Facebook,Once a day,Never,1,No,Boredom,2,9,8,2,2,9,9,1.40,4.40,1.67,1.00,1.00,9.40
P0109,synthetic_ai,1,30,30-39,Male,Undergraduate,Full-time employed,Engineering,7.0,Good,7.5,2.0,3-4x/week,9.0,0.0,1.5,Heavy,Work project,5,4,3,4,3,4,8.0,5,3,3,3,3,2,3,3,3,2,3,4,4,4,4,4,4,4,4,3,2,4,Weekly planner,Computer calendar,YouTube,2-3 times a day,Rarely,2,Yes,Task difficulty,6,7,6,5,5,6,6,2.80,3.70,3.67,3.28,2.00,6.20
P0110,synthetic_ai,1,21,21-24,Female,Undergraduate,Student,Education,6.0,Fair,10.0,5.5,Never,0.0,6.0,0.0,Moderate,Academic assignment,5,4,2,5,2,4,6.0,2,5,4,4,5,4,4,4,5,3,4,2,2,1,2,2,2,2,2,5,1,Deadline-driven,Mental planning,TikTok,Constantly,Always,5,Yes,Social media,9,3,3,8,8,3,2,4.20,1.90,4.00,2.06,5.00,2.80
P0111,synthetic_ai,1,48,40-49,Male,Postgraduate,Full-time employed,Technology,7.0,Good,8.0,2.0,3-4x/week,9.0,0.0,1.0,Heavy,Work project,5,5,3,4,4,5,10.0,7,3,3,3,3,3,3,3,3,2,3,4,4,4,4,4,4,4,4,3,2,4,Weekly planner,Computer calendar,LinkedIn,Once a day,Rarely,2,Yes,Overwhelm,6,7,6,5,5,6,6,2.90,3.70,4.00,3.28,2.00,6.10
P0112,synthetic_ai,1,25,25-29,Female,Undergraduate,Freelancer,Creative,6.0,Fair,8.5,3.5,Never,5.0,0.5,0.0,Moderate,Creative task,3,3,5,2,3,3,7.0,14,3,3,3,3,3,3,2,3,3,2,3,3,3,3,3,3,3,3,3,3,3,Mixed strategy,Todo application,Instagram,Every few hours,Sometimes,4,Yes,Perfectionism,6,6,5,5,5,5,5,2.90,3.00,3.00,1.91,3.67,5.20
P0113,synthetic_ai,1,42,40-49,Female,Doctoral,Full-time employed,Research,7.0,Good,7.5,1.5,1-2x/week,9.5,2.0,0.5,Very heavy,Work project,5,5,4,4,3,5,12.0,5,4,4,3,4,3,4,4,4,3,4,4,4,4,4,4,4,4,4,3,2,3,Weekly planner,Computer calendar,LinkedIn,Once a day,Sometimes,3,Yes,Overwhelm,8,5,4,6,7,4,4,3.70,3.70,4.33,4.22,3.00,4.20
P0114,synthetic_ai,1,19,18-20,Male,High school,Student,Education,6.0,Poor,9.5,5.0,Never,0.0,5.0,0.0,Moderate,Exam preparation,5,4,2,5,3,4,5.0,2,5,5,4,5,4,5,4,5,3,4,1,1,1,1,1,1,1,1,5,1,No planning,None,YouTube,Constantly,Always,5,Yes,Entertainment,9,3,3,8,9,3,2,4.50,1.40,4.33,2.06,5.00,2.30
P0115,synthetic_ai,1,53,50-59,Female,Postgraduate,Full-time employed,Healthcare,7.5,Good,5.5,1.0,Daily,8.0,0.0,1.0,Heavy,Health-related task,4,3,4,2,4,3,4.0,14,2,2,2,2,1,2,2,2,2,2,4,4,4,5,5,4,5,4,1,2,5,Calendar-based planning,Phone calendar,Facebook,Once a day,Never,1,No,Fear of failure,4,8,7,3,3,7,8,1.90,4.30,3.00,2.88,1.00,8.10
P0116,synthetic_ai,1,29,25-29,Male,Undergraduate,Full-time employed,Government,6.5,Fair,6.5,2.0,1-2x/week,8.0,0.0,1.0,Heavy,Email/administrative task,3,2,2,2,3,2,2.0,7,3,3,3,3,3,3,3,3,3,3,3,3,3,3,3,3,3,3,3,3,3,Daily planner,Phone calendar,LinkedIn,2-3 times a day,Rarely,2,Yes,Boredom,5,7,6,4,4,6,6,3.00,3.00,2.00,2.88,2.00,6.20
P0117,synthetic_ai,1,34,30-39,Female,Undergraduate,Full-time employed,Retail,6.5,Fair,7.0,2.5,1-2x/week,7.5,0.0,1.0,Moderate,Email/administrative task,3,2,2,2,3,2,2.0,5,3,3,3,3,3,3,3,3,3,3,3,3,3,3,3,3,3,3,3,3,3,Daily planner,Phone calendar,Instagram,2-3 times a day,Sometimes,3,Yes,Low motivation,6,6,5,5,5,5,5,3.00,3.00,2.33,2.66,3.00,5.30
P0118,synthetic_ai,1,69,60+,Male,Diploma,Retired,Other,8.5,Very good,2.5,0.5,Daily,0.0,0.0,0.0,Very light,Household task,2,1,4,1,5,1,2.0,30,1,1,1,1,2,2,1,1,2,1,5,4,4,5,5,4,5,5,1,2,5,Daily planner,Paper notebook,Facebook,Once a day,Never,1,No,Boredom,2,9,9,2,1,9,9,1.30,4.40,1.00,1.00,1.00,9.60
P0119,synthetic_ai,1,26,25-29,Female,Postgraduate,Full-time employed,Technology,6.5,Fair,8.0,2.5,1-2x/week,8.0,0.5,0.5,Heavy,Work project,4,4,3,3,3,4,7.0,10,3,3,3,3,3,3,3,3,3,3,3,3,3,3,3,3,3,3,3,3,3,Mixed strategy,Todo application,Instagram,Every few hours,Sometimes,3,Yes,Lack of clarity,6,6,5,5,5,5,5,3.00,3.00,3.00,3.09,3.33,5.20
P0120,synthetic_ai,1,38,30-39,Male,Undergraduate,Full-time employed,Manufacturing,6.5,Fair,6.5,2.0,1-2x/week,9.0,0.0,1.5,Heavy,Work project,4,4,2,3,3,4,8.0,5,3,3,3,3,3,3,3,3,3,3,3,3,3,3,3,3,3,3,3,3,3,Daily planner,Phone calendar,YouTube,2-3 times a day,Sometimes,3,Yes,Fatigue,6,6,5,5,5,5,5,3.00,3.00,3.00,3.28,3.00,5.30
P0121,synthetic_ai,1,20,18-20,Female,High school,Student,Education,6.5,Fair,9.5,5.0,Never,0.0,5.0,0.0,Moderate,Exam preparation,5,3,2,4,2,3,5.0,4,4,4,3,4,3,4,3,4,3,3,2,2,2,2,2,2,2,2,4,2,Reactive planning,Mental planning,TikTok,Constantly,Often,5,Yes,Social media,8,4,3,7,7,4,3,3.50,2.20,3.33,2.06,4.67,3.50
P0122,synthetic_ai,1,45,40-49,Female,Postgraduate,Full-time employed,Finance,7.5,Good,6.5,1.5,3-4x/week,9.0,0.0,1.0,Heavy,Financial task,5,4,3,3,4,4,6.0,5,2,2,2,2,2,2,3,2,2,2,5,5,4,5,5,4,5,5,2,2,5,Calendar-based planning,Computer calendar,LinkedIn,Once a day,Never,1,Yes,Fatigue,5,7,6,4,4,7,7,2.10,4.30,3.33,3.28,1.00,7.10
P0123,synthetic_ai,1,23,21-24,Male,Undergraduate,Student,Education,5.5,Poor,10.5,5.5,Never,1.5,5.5,0.0,Moderate,Exam preparation,5,4,2,5,2,4,6.0,1,5,5,5,5,4,4,4,5,3,4,1,1,1,1,1,1,1,1,5,1,No planning,None,YouTube,Constantly,Always,5,Yes,Entertainment,9,3,3,9,9,3,2,4.50,1.40,4.00,2.19,5.00,2.20
P0124,synthetic_ai,1,37,30-39,Female,Postgraduate,Full-time employed,Healthcare,7.0,Good,6.0,1.5,3-4x/week,8.5,0.0,1.0,Heavy,Work project,5,4,3,3,4,4,7.0,5,3,3,2,3,2,3,3,3,2,3,4,4,4,4,4,4,4,4,3,2,4,Weekly planner,Phone calendar,LinkedIn,Once a day,Rarely,2,Yes,Fatigue,6,7,6,4,5,6,6,2.70,3.70,3.33,3.09,2.00,6.50
P0125,synthetic_ai,1,64,60+,Female,Undergraduate,Retired,Other,8.0,Good,3.0,0.5,Daily,0.0,0.0,0.0,Very light,Household task,2,2,4,1,5,1,2.0,30,1,1,2,1,2,2,1,1,2,1,5,4,3,5,5,4,5,5,1,2,5,Daily planner,Paper notebook,Facebook,Once a day,Never,1,No,Boredom,2,9,8,2,2,9,9,1.40,4.30,1.67,1.00,1.00,9.50
P0126,synthetic_ai,1,28,25-29,Male,Diploma,Full-time employed,Hospitality,6.5,Fair,6.5,2.5,1-2x/week,8.5,0.0,1.5,Heavy,Work project,3,3,3,3,3,3,5.0,10,3,3,3,3,3,3,3,3,3,3,3,3,3,3,3,3,3,3,3,3,3,Daily planner,Phone calendar,Instagram,2-3 times a day,Sometimes,3,Yes,Low motivation,6,6,5,5,5,5,5,3.00,3.00,3.00,3.09,3.00,5.30
P0127,synthetic_ai,1,43,40-49,Male,Undergraduate,Full-time employed,Engineering,7.0,Good,7.5,2.0,3-4x/week,9.0,0.0,1.5,Heavy,Work project,5,4,3,3,4,4,9.0,7,3,3,3,3,3,3,3,3,2,3,4,4,4,4,4,4,4,4,3,2,4,Weekly planner,Computer calendar,YouTube,Once a day,Sometimes,2,Yes,Task difficulty,7,6,5,5,5,5,5,2.90,3.70,3.33,3.28,2.33,5.50
P0128,synthetic_ai,1,22,21-24,Female,Diploma,Part-time employed,Retail,5.5,Poor,9.0,4.5,Never,4.0,1.5,1.0,Moderate,Household task,3,2,3,3,3,2,3.0,14,4,3,3,4,3,3,3,4,3,3,2,2,2,2,2,2,2,2,4,2,Reactive planning,Mental planning,Instagram,Every few hours,Often,4,Yes,Low motivation,8,4,4,7,7,4,3,3.30,2.20,2.67,2.25,4.00,3.50
P0129,synthetic_ai,1,56,50-59,Male,Postgraduate,Full-time employed,Government,7.5,Good,5.0,1.0,3-4x/week,8.0,0.0,1.5,Heavy,Email/administrative task,3,2,2,2,4,2,2.0,3,2,2,2,2,2,2,2,2,2,2,5,5,4,5,5,4,5,4,2,2,5,Weekly planner,Computer calendar,LinkedIn,Once a day,Never,1,No,Low motivation,4,8,7,3,3,7,7,2.00,4.30,2.00,2.88,1.00,7.90
P0130,synthetic_ai,1,31,30-39,Female,Undergraduate,Full-time employed,Business,7.0,Good,7.0,2.5,3-4x/week,7.5,0.0,1.0,Moderate,Financial task,4,3,3,2,4,3,4.0,10,2,2,2,2,2,2,2,2,2,2,4,4,4,4,4,4,4,4,2,2,4,Weekly planner,Phone calendar,Instagram,2-3 times a day,Never,1,No,Low motivation,4,8,7,3,3,7,7,2.00,3.80,2.33,2.50,1.00,7.60
P0131,synthetic_ai,1,18,18-20,Male,High school,Student,Education,6.5,Poor,9.0,5.0,Never,0.0,4.5,0.0,Moderate,Academic assignment,4,3,2,4,2,3,4.0,4,5,4,4,4,3,4,3,4,3,3,2,2,2,2,2,2,2,2,4,2,Reactive planning,Mental planning,Instagram,Every few hours,Often,4,Yes,Social media,8,4,4,7,7,4,3,3.70,2.20,3.00,2.06,4.00,3.60
P0132,synthetic_ai,1,49,40-49,Female,Undergraduate,Full-time employed,Healthcare,7.0,Good,5.5,1.0,Daily,8.5,0.0,1.0,Heavy,Health-related task,5,3,4,2,5,3,4.0,14,2,2,2,2,1,2,2,2,2,2,5,5,4,5,5,4,5,4,1,1,5,Calendar-based planning,Phone calendar,Facebook,Once a day,Never,1,No,Fatigue,4,8,7,3,3,7,8,1.90,4.40,3.33,3.09,1.00,8.20
P0133,synthetic_ai,1,26,25-29,Male,Undergraduate,Full-time employed,Technology,6.5,Fair,8.5,3.0,1-2x/week,8.5,0.0,1.0,Heavy,Work project,5,5,3,4,3,4,9.0,5,4,4,4,4,3,3,4,4,3,4,3,3,3,3,3,3,3,3,3,3,3,Daily planner,Todo application,YouTube,Every few hours,Sometimes,3,Yes,Task difficulty,7,6,5,6,6,5,5,3.70,3.00,4.00,3.09,3.33,5.00
P0134,synthetic_ai,1,33,30-39,Female,Postgraduate,Self-employed,Creative,7.0,Good,8.0,3.5,3-4x/week,6.0,1.0,0.0,Moderate,Creative task,3,3,5,2,3,3,6.0,21,2,2,3,2,3,3,2,2,3,2,4,4,4,4,4,4,4,4,2,3,4,Weekly planner,Todo application,Instagram,2-3 times a day,Rarely,2,Yes,Perfectionism,4,7,7,4,3,7,7,2.40,3.80,2.67,2.25,2.00,7.10
P0135,synthetic_ai,1,71,60+,Female,High school,Retired,Other,8.0,Good,3.0,0.5,Daily,0.0,0.0,0.0,Very light,Household task,2,1,4,1,5,1,2.0,30,1,1,1,1,2,2,1,1,2,1,5,4,4,5,5,4,5,5,1,2,5,Daily planner,Paper notebook,Facebook,Once a day,Never,1,No,Boredom,2,9,8,2,1,9,9,1.30,4.40,1.00,1.00,1.00,9.50
P0136,synthetic_ai,1,27,25-29,Male,Diploma,Full-time employed,Manufacturing,6.0,Fair,6.5,2.0,1-2x/week,9.0,0.0,1.5,Heavy,Work project,4,4,2,3,3,4,8.0,5,3,3,3,3,3,3,3,3,3,3,3,3,3,3,3,3,3,3,3,3,3,Daily planner,Phone calendar,Instagram,2-3 times a day,Sometimes,3,Yes,Fatigue,7,5,5,5,6,5,5,3.00,3.00,3.00,3.28,3.00,5.10
P0137,synthetic_ai,1,40,40-49,Male,Undergraduate,Full-time employed,Business,7.0,Good,7.5,2.0,3-4x/week,8.5,0.0,1.0,Heavy,Work project,4,4,3,3,3,4,7.0,10,3,3,3,3,3,3,3,3,3,3,4,4,3,4,4,3,4,3,3,2,4,Weekly planner,Phone calendar,LinkedIn,2-3 times a day,Rarely,2,Yes,Low motivation,6,6,6,5,5,6,6,3.00,3.50,3.00,3.09,2.00,5.70
P0138,synthetic_ai,1,24,21-24,Female,Undergraduate,Student,Education,5.5,Poor,10.5,5.5,Never,0.0,6.0,0.0,Moderate,Exam preparation,5,4,2,5,3,4,6.0,2,5,5,5,5,4,4,4,5,3,4,1,1,1,1,1,1,1,1,5,1,No planning,None,TikTok,Constantly,Always,5,Yes,Social media,9,3,3,8,8,3,2,4.40,1.40,4.33,2.06,5.00,2.50
P0139,synthetic_ai,1,51,50-59,Male,Postgraduate,Full-time employed,Technology,7.0,Good,7.5,1.5,3-4x/week,9.0,0.0,1.0,Heavy,Work project,5,5,3,3,4,5,10.0,7,3,3,3,3,3,3,3,3,3,3,4,4,4,4,4,4,4,4,3,2,4,Weekly planner,Computer calendar,LinkedIn,Once a day,Rarely,2,Yes,Overwhelm,6,7,6,5,5,6,6,3.00,3.70,3.67,3.28,2.00,5.90
P0140,synthetic_ai,1,36,30-39,Female,Doctoral,Full-time employed,Research,7.0,Good,7.0,1.5,1-2x/week,9.5,2.5,0.5,Very heavy,Work project,5,5,4,4,3,5,12.0,5,4,4,3,4,3,4,4,4,3,4,4,4,4,4,4,4,4,4,3,2,3,Weekly planner,Computer calendar,LinkedIn,Once a day,Sometimes,3,Yes,Overwhelm,8,5,4,7,7,4,4,3.70,3.70,4.00,4.41,3.00,4.10

P0141,synthetic_ai,1,29,25-29,Male,Undergraduate,Full-time employed,Hospitality,6.5,Fair,6.0,2.0,1-2x/week,8.0,0.0,1.5,Heavy,Work project,3,3,3,3,3,3,5.0,10,3,3,3,3,3,3,3,3,3,3,3,3,3,3,3,3,3,3,3,3,3,Daily planner,Phone calendar,Instagram,2-3 times a day,Sometimes,3,Yes,Boredom,6,6,5,5,5,5,5,3.00,3.00,3.00,2.88,3.00,5.30
P0142,synthetic_ai,1,47,40-49,Female,Postgraduate,Full-time employed,Healthcare,7.5,Good,5.5,1.0,Daily,8.0,0.0,1.0,Heavy,Health-related task,5,3,4,2,4,3,4.0,21,2,2,2,2,1,2,2,2,2,2,5,5,4,5,5,4,5,4,1,2,5,Calendar-based planning,Phone calendar,Facebook,Once a day,Never,1,No,Fatigue,4,8,7,3,3,7,8,1.90,4.30,3.00,3.09,1.00,8.20
P0143,synthetic_ai,1,20,18-20,Male,High school,Student,Education,5.5,Poor,10.0,5.5,Never,1.0,5.0,0.0,Moderate,Exam preparation,5,4,2,5,3,4,5.0,3,5,5,4,5,4,5,4,5,3,4,1,1,1,1,1,1,1,1,5,1,No planning,None,YouTube,Constantly,Always,5,Yes,Entertainment,9,3,3,8,9,3,2,4.40,1.40,4.33,2.06,5.00,2.30
P0144,synthetic_ai,1,32,30-39,Female,Undergraduate,Freelancer,Creative,6.5,Fair,9.0,4.0,Never,5.0,0.5,0.0,Moderate,Creative task,3,4,5,3,2,4,8.0,14,3,3,4,3,4,3,3,3,4,3,3,3,2,3,3,3,3,3,4,3,3,Reactive planning,Todo application,Instagram,Every few hours,Often,4,Yes,Perfectionism,6,6,5,5,5,5,5,3.30,2.90,3.33,1.91,3.67,5.20
P0145,synthetic_ai,1,58,50-59,Male,Postgraduate,Full-time employed,Government,7.5,Good,5.0,1.0,3-4x/week,8.0,0.0,1.5,Heavy,Email/administrative task,3,2,2,2,4,2,2.0,3,2,2,2,2,2,2,2,2,2,2,5,4,4,5,5,4,5,4,2,2,5,Weekly planner,Computer calendar,LinkedIn,Once a day,Never,1,No,Low motivation,4,8,7,3,3,7,8,2.00,4.30,2.00,2.88,1.00,7.90
P0146,synthetic_ai,1,26,25-29,Female,Undergraduate,Full-time employed,Finance,6.5,Fair,7.5,2.5,1-2x/week,8.0,0.0,1.5,Heavy,Financial task,4,3,2,3,3,3,5.0,7,3,3,3,3,3,3,3,3,3,3,3,3,3,3,3,3,3,3,3,3,3,Daily planner,Phone calendar,Instagram,2-3 times a day,Sometimes,3,Yes,Boredom,6,6,5,5,5,5,5,3.00,3.00,2.67,3.09,3.00,5.30
P0147,synthetic_ai,1,44,40-49,Male,Undergraduate,Full-time employed,Technology,7.0,Good,8.5,2.0,3-4x/week,9.0,0.0,1.0,Heavy,Work project,5,5,3,4,4,5,10.0,7,3,3,3,3,3,3,3,3,2,3,4,4,4,4,4,4,4,4,3,2,4,Weekly planner,Computer calendar,LinkedIn,Once a day,Rarely,2,Yes,Task difficulty,6,7,6,5,5,6,6,2.90,3.70,4.00,3.28,2.00,6.10
P0148,synthetic_ai,1,22,21-24,Female,Undergraduate,Student,Education,6.0,Fair,10.5,5.5,Never,0.0,6.0,0.0,Moderate,Academic assignment,5,4,2,5,2,4,6.0,3,5,5,4,5,4,4,4,5,3,4,2,2,1,2,2,2,2,2,5,1,Deadline-driven,Mental planning,TikTok,Constantly,Always,5,Yes,Social media,9,3,3,8,8,3,2,4.20,1.90,4.00,2.06,5.00,2.80
P0149,synthetic_ai,1,39,30-39,Male,Postgraduate,Full-time employed,Research,7.0,Good,7.5,1.5,1-2x/week,9.0,1.5,0.5,Very heavy,Work project,5,5,4,4,3,5,10.0,5,4,4,3,4,3,4,4,4,3,4,4,4,4,4,4,4,4,4,3,2,3,Weekly planner,Computer calendar,LinkedIn,Once a day,Sometimes,3,Yes,Overwhelm,8,5,4,7,7,4,4,3.70,3.70,4.00,4.03,3.00,4.20
P0150,synthetic_ai,1,55,50-59,Female,Postgraduate,Full-time employed,Education,7.5,Good,5.5,1.0,3-4x/week,7.5,1.0,1.0,Heavy,Work project,4,3,4,2,4,3,5.0,14,2,2,2,2,2,2,2,2,2,2,5,5,4,5,5,4,5,4,2,2,5,Weekly planner,Computer calendar,Facebook,Once a day,Never,1,No,Low motivation,4,8,7,3,3,7,8,2.00,4.30,2.33,2.88,1.00,8.00
P0151,synthetic_ai,1,21,21-24,Male,Undergraduate,Student,Education,5.5,Poor,11.0,6.0,Never,1.0,5.5,0.0,Moderate,Exam preparation,5,5,5,5,4,5,7.0,1,5,5,5,5,5,5,5,5,4,5,1,1,1,1,1,1,1,1,5,1,No planning,None,YouTube,Constantly,Always,5,Yes,Entertainment,10,2,2,9,9,2,2,4.90,1.40,5.00,2.19,5.00,1.80
P0152,synthetic_ai,1,48,40-49,Female,Postgraduate,Full-time employed,Healthcare,7.0,Good,5.5,1.0,Daily,8.5,0.0,1.0,Heavy,Health-related task,5,3,4,2,5,3,4.0,14,2,2,2,2,1,2,2,2,2,2,5,5,4,5,5,4,5,4,1,1,5,Calendar-based planning,Phone calendar,Facebook,Once a day,Never,1,No,Fear of failure,4,8,7,3,3,7,8,1.90,4.40,3.33,3.09,1.00,8.20
P0153,synthetic_ai,1,27,25-29,Male,Undergraduate,Full-time employed,Engineering,7.0,Good,7.5,2.0,1-2x/week,9.0,0.0,1.5,Heavy,Work project,5,4,3,4,3,4,8.0,5,3,3,3,3,2,3,3,3,2,3,4,4,4,4,4,4,4,4,3,2,4,Weekly planner,Computer calendar,YouTube,2-3 times a day,Rarely,2,Yes,Task difficulty,6,7,6,5,5,6,6,2.80,3.70,3.67,3.28,2.00,6.20
P0154,synthetic_ai,1,35,30-39,Female,Undergraduate,Self-employed,Business,7.5,Good,7.0,2.0,3-4x/week,7.0,0.0,0.0,Moderate,Financial task,4,3,3,2,4,3,4.0,21,2,2,2,2,2,2,2,2,2,2,4,4,4,4,4,4,4,4,2,2,4,Weekly planner,Phone calendar,Instagram,2-3 times a day,Never,1,No,Low motivation,4,8,7,3,3,7,7,2.00,3.80,2.67,2.41,1.00,7.60
P0155,synthetic_ai,1,63,60+,Male,Undergraduate,Retired,Other,8.5,Very good,3.0,0.5,Daily,0.0,0.0,0.0,Very light,Household task,2,2,4,1,5,2,3.0,30,1,1,1,1,2,2,1,1,2,1,5,4,4,5,5,4,5,5,1,2,5,Daily planner,Paper notebook,Facebook,Once a day,Never,1,No,Boredom,2,9,9,2,1,9,9,1.40,4.40,1.67,1.00,1.00,9.60
P0156,synthetic_ai,1,30,30-39,Female,Postgraduate,Full-time employed,Healthcare,7.0,Good,6.0,1.5,3-4x/week,8.5,0.0,1.0,Heavy,Work project,5,4,3,3,4,4,7.0,5,3,3,2,3,2,3,3,3,2,3,4,4,4,4,4,4,4,4,3,2,4,Weekly planner,Phone calendar,LinkedIn,Once a day,Rarely,2,Yes,Fatigue,6,7,6,4,5,6,6,2.70,3.70,3.33,3.09,2.00,6.50
P0157,synthetic_ai,1,23,21-24,Female,Undergraduate,Student,Education,6.0,Fair,9.5,5.0,Never,0.5,5.5,0.0,Moderate,Academic assignment,5,4,2,4,2,3,5.0,3,5,4,4,5,4,4,4,5,3,4,2,2,1,2,2,2,2,2,5,1,Reactive planning,Mental planning,TikTok,Constantly,Always,5,Yes,Social media,9,3,3,8,8,3,2,4.20,1.90,3.33,2.19,5.00,2.80
P0158,synthetic_ai,1,44,40-49,Male,Doctoral,Full-time employed,Research,6.5,Fair,8.0,2.0,1-2x/week,10.0,2.0,0.5,Very heavy,Work project,5,5,4,4,3,5,12.0,5,4,4,4,4,3,4,4,4,3,4,4,4,4,4,4,4,4,4,3,2,3,Weekly planner,Computer calendar,LinkedIn,Once a day,Sometimes,3,Yes,Overwhelm,8,5,4,6,7,4,4,3.80,3.70,4.33,4.22,3.00,4.20
P0159,synthetic_ai,1,57,50-59,Female,Undergraduate,Full-time employed,Education,7.5,Good,5.5,1.0,3-4x/week,7.5,1.0,1.0,Heavy,Work project,4,3,4,2,4,3,5.0,14,2,2,2,2,2,2,2,2,2,2,5,4,4,5,5,4,5,4,2,2,5,Weekly planner,Computer calendar,Facebook,Once a day,Never,1,No,Low motivation,4,8,7,3,3,7,8,2.00,4.30,2.33,2.88,1.00,8.00
P0160,synthetic_ai,1,19,18-20,Male,High school,Student,Education,6.5,Fair,8.5,4.5,Never,0.0,4.5,0.0,Moderate,Exam preparation,5,4,2,5,3,4,5.0,2,5,5,4,5,4,5,5,5,4,4,1,1,1,1,1,1,1,1,5,1,No planning,None,YouTube,Constantly,Always,5,Yes,Entertainment,9,3,3,9,9,3,2,4.60,1.40,4.33,2.06,5.00,2.20
P0161,synthetic_ai,1,37,30-39,Male,Undergraduate,Full-time employed,Finance,7.0,Good,7.0,2.0,3-4x/week,9.0,0.0,1.0,Heavy,Financial task,4,3,2,3,3,3,5.0,7,3,3,3,3,3,3,3,3,3,3,3,3,3,3,3,3,3,3,3,3,3,Daily planner,Phone calendar,LinkedIn,2-3 times a day,Rarely,2,Yes,Boredom,6,6,5,4,5,5,5,3.00,3.00,2.67,3.28,2.00,5.50
P0162,synthetic_ai,1,25,25-29,Female,Postgraduate,Full-time employed,Technology,6.5,Fair,8.0,2.5,1-2x/week,8.0,0.5,0.5,Heavy,Work project,4,4,3,3,3,4,7.0,10,3,3,3,3,3,3,3,3,3,3,3,3,3,3,3,3,3,3,3,3,3,Mixed strategy,Todo application,Instagram,Every few hours,Sometimes,3,Yes,Lack of clarity,6,6,5,5,5,5,5,3.00,3.00,3.00,3.09,3.33,5.20
P0163,synthetic_ai,1,50,50-59,Male,Undergraduate,Full-time employed,Government,7.5,Good,5.5,1.0,3-4x/week,8.0,0.0,1.5,Heavy,Email/administrative task,3,2,2,2,4,2,2.0,3,2,2,2,2,2,2,2,2,2,2,4,4,4,5,5,4,5,4,2,2,5,Weekly planner,Computer calendar,LinkedIn,Once a day,Never,1,No,Low motivation,5,7,6,4,4,6,7,2.00,4.10,2.00,2.88,1.00,7.00
P0164,synthetic_ai,1,28,25-29,Female,Undergraduate,Full-time employed,Retail,6.5,Fair,7.0,2.5,1-2x/week,7.5,0.0,1.0,Moderate,Email/administrative task,3,2,2,2,3,2,2.0,5,3,3,3,3,3,3,3,3,3,3,3,3,3,3,3,3,3,3,3,3,3,Daily planner,Phone calendar,Instagram,2-3 times a day,Sometimes,3,Yes,Boredom,6,6,5,5,5,5,5,3.00,3.00,2.33,2.66,3.00,5.30
P0165,synthetic_ai,1,41,40-49,Male,Postgraduate,Full-time employed,Healthcare,7.0,Good,6.0,1.5,Daily,8.5,0.0,1.0,Heavy,Health-related task,5,3,4,2,4,3,4.0,14,2,2,2,2,1,2,2,2,2,2,5,5,4,5,5,4,5,4,1,2,5,Calendar-based planning,Phone calendar,Facebook,Once a day,Never,1,No,Fatigue,4,8,7,3,3,7,8,1.90,4.30,3.00,3.09,1.00,8.20
P0166,synthetic_ai,1,24,21-24,Male,Undergraduate,Part-time employed,Hospitality,5.5,Poor,9.0,4.5,Never,4.0,2.0,1.0,Moderate,Household task,3,2,3,3,3,2,3.0,14,4,3,3,4,3,3,3,4,3,3,2,2,2,2,2,2,2,2,4,2,Reactive planning,Mental planning,Instagram,Every few hours,Often,4,Yes,Low motivation,7,5,4,6,6,5,4,3.30,2.20,2.67,2.25,4.00,4.30
P0167,synthetic_ai,1,62,60+,Female,Diploma,Retired,Other,8.0,Good,3.5,0.5,Daily,0.0,0.0,0.0,Very light,Household task,2,2,4,1,5,2,2.0,30,1,1,2,1,2,2,1,1,2,1,5,4,4,5,5,4,5,5,1,2,5,Daily planner,Paper notebook,Facebook,Once a day,Never,1,No,Boredom,2,9,8,2,1,9,9,1.40,4.40,1.67,1.00,1.00,9.40
P0168,synthetic_ai,1,34,30-39,Male,Undergraduate,Freelancer,Technology,6.5,Fair,9.0,3.5,1-2x/week,7.0,0.5,0.0,Moderate,Work project,4,4,4,3,3,4,8.0,14,3,3,3,3,3,3,3,3,3,3,3,3,3,3,3,3,3,3,3,3,3,Mixed strategy,Todo application,Reddit,Every few hours,Sometimes,3,Yes,Perfectionism,6,6,5,5,5,5,5,3.00,3.00,3.33,2.41,3.33,5.20
P0169,synthetic_ai,1,46,40-49,Female,Undergraduate,Full-time employed,Education,7.0,Good,6.0,1.5,3-4x/week,8.0,1.0,1.0,Heavy,Academic assignment,4,3,3,3,4,3,4.0,14,2,3,2,3,2,3,3,3,3,3,4,3,3,4,4,3,4,3,3,3,3,Weekly planner,Phone calendar,Facebook,Once a day,Rarely,2,No,Low motivation,5,7,6,4,4,6,6,2.80,3.30,3.00,2.88,1.67,6.40
P0170,synthetic_ai,1,21,21-24,Male,Undergraduate,Student,Education,6.0,Poor,10.5,5.5,Never,1.0,5.5,0.0,Moderate,Exam preparation,5,5,3,5,2,4,7.0,2,5,5,4,5,4,5,4,5,3,4,1,1,1,1,1,1,1,1,5,1,No planning,None,YouTube,Constantly,Always,5,Yes,Entertainment,9,3,3,8,8,3,2,4.50,1.40,4.33,2.19,5.00,2.50
P0171,synthetic_ai,1,52,50-59,Female,Postgraduate,Full-time employed,Healthcare,7.5,Good,5.5,1.0,Daily,8.0,0.0,1.0,Heavy,Health-related task,4,3,4,2,4,3,4.0,14,2,2,2,2,1,2,2,2,2,2,4,4,4,5,5,4,5,4,1,2,5,Calendar-based planning,Phone calendar,Facebook,Once a day,Never,1,No,Fear of failure,4,8,7,3,3,7,8,1.90,4.30,3.00,2.88,1.00,8.10
P0172,synthetic_ai,1,29,25-29,Male,Diploma,Full-time employed,Hospitality,6.5,Fair,6.5,2.0,1-2x/week,8.5,0.0,1.5,Heavy,Work project,3,3,3,3,3,3,5.0,10,3,3,3,3,3,3,3,3,3,3,3,3,3,3,3,3,3,3,3,3,3,Daily planner,Phone calendar,Instagram,2-3 times a day,Sometimes,3,Yes,Low motivation,6,6,5,5,5,5,5,3.00,3.00,3.00,3.09,3.00,5.30
P0173,synthetic_ai,1,38,30-39,Female,Postgraduate,Full-time employed,Finance,7.0,Good,6.5,1.5,3-4x/week,9.0,0.0,1.0,Heavy,Financial task,4,4,3,3,3,4,6.0,7,2,2,2,2,2,2,2,2,2,2,4,4,4,5,5,4,5,4,2,2,5,Calendar-based planning,Computer calendar,LinkedIn,Once a day,Never,1,Yes,Low motivation,5,7,6,4,4,6,7,2.00,4.10,3.00,3.28,1.00,7.00
P0174,synthetic_ai,1,65,60+,Male,High school,Retired,Other,8.5,Very good,2.5,0.5,Daily,0.0,0.0,0.0,Very light,Household task,2,1,4,1,5,1,2.0,30,1,1,1,1,2,1,1,1,2,1,5,4,4,5,5,4,5,5,1,2,5,Daily planner,Paper notebook,Facebook,Once a day,Never,1,No,Boredom,2,9,9,2,1,9,9,1.20,4.40,1.00,1.00,1.00,9.60
P0175,synthetic_ai,1,27,25-29,Female,Undergraduate,Full-time employed,Technology,6.5,Fair,8.5,3.0,1-2x/week,8.0,0.5,0.5,Heavy,Work project,4,4,3,3,3,4,7.0,10,3,3,3,3,3,3,3,3,3,3,3,3,3,3,3,3,3,3,3,3,3,Mixed strategy,Todo application,Instagram,Every few hours,Sometimes,3,Yes,Lack of clarity,6,6,5,5,5,5,5,3.00,3.00,3.00,3.09,3.33,5.20
P0176,synthetic_ai,1,43,40-49,Male,Undergraduate,Full-time employed,Business,7.0,Good,7.0,2.0,3-4x/week,8.5,0.0,1.0,Heavy,Work project,4,4,3,3,3,4,7.0,10,3,3,3,3,3,3,3,3,3,3,4,4,3,4,4,3,4,3,3,2,4,Weekly planner,Phone calendar,LinkedIn,2-3 times a day,Rarely,2,Yes,Low motivation,6,6,6,5,5,6,6,3.00,3.50,3.00,3.09,2.00,5.70
P0177,synthetic_ai,1,22,21-24,Female,Undergraduate,Student,Education,5.5,Poor,10.0,5.5,Never,0.0,5.5,0.0,Moderate,Academic assignment,5,4,2,5,2,4,6.0,3,5,5,4,5,4,4,4,5,3,4,2,2,1,2,2,2,2,2,5,1,Reactive planning,Mental planning,TikTok,Constantly,Always,5,Yes,Social media,9,3,3,8,8,3,2,4.30,1.90,4.00,2.06,5.00,2.70
P0178,synthetic_ai,1,48,40-49,Male,Doctoral,Full-time employed,Research,6.5,Fair,8.0,1.5,1-2x/week,10.0,2.0,0.5,Very heavy,Work project,5,5,4,4,3,5,12.0,5,4,4,4,4,3,4,4,4,3,4,4,4,4,4,4,4,4,4,3,2,3,Weekly planner,Computer calendar,LinkedIn,Once a day,Sometimes,3,Yes,Overwhelm,8,5,4,7,7,4,4,3.80,3.70,4.33,4.22,3.00,4.10
P0179,synthetic_ai,1,33,30-39,Female,Undergraduate,Full-time employed,Retail,6.5,Fair,7.0,2.5,1-2x/week,7.5,0.0,1.0,Moderate,Email/administrative task,3,2,2,2,3,2,2.0,5,3,3,3,3,3,3,3,3,3,3,3,3,3,3,3,3,3,3,3,3,3,Daily planner,Phone calendar,Instagram,2-3 times a day,Sometimes,3,Yes,Boredom,6,6,5,5,5,5,5,3.00,3.00,2.33,2.66,3.00,5.30
P0180,synthetic_ai,1,59,50-59,Male,Undergraduate,Full-time employed,Manufacturing,7.0,Good,5.5,1.0,3-4x/week,8.5,0.0,1.5,Heavy,Work project,4,4,2,3,3,4,8.0,7,3,3,3,3,3,3,3,3,3,3,4,4,3,4,4,3,4,3,3,2,4,Weekly planner,Computer calendar,YouTube,Once a day,Rarely,2,Yes,Task difficulty,6,6,6,5,5,6,6,3.00,3.50,3.00,3.09,2.00,5.80

P0181,synthetic_ai,1,24,21-24,Female,Undergraduate,Job seeker,Other,6.0,Fair,8.5,4.5,Never,0.0,2.0,0.5,Light,Job application,4,3,3,4,2,3,4.0,7,4,4,4,4,3,3,4,4,3,4,2,2,2,2,2,2,2,2,4,2,Reactive planning,Mental planning,Instagram,Constantly,Often,5,Yes,Fear of failure,7,5,4,6,6,5,4,3.70,2.20,3.33,1.06,4.33,4.20
P0182,synthetic_ai,1,41,40-49,Female,Postgraduate,Full-time employed,Finance,7.5,Good,6.5,1.5,3-4x/week,9.0,0.0,1.0,Heavy,Financial task,5,4,3,3,4,4,6.0,3,2,2,2,2,2,2,3,2,2,2,5,5,4,5,5,4,5,5,2,2,5,Calendar-based planning,Computer calendar,LinkedIn,Once a day,Never,1,Yes,Fatigue,5,7,6,4,4,7,7,2.10,4.30,3.33,3.28,1.00,7.10
P0183,synthetic_ai,1,18,18-20,Male,High school,Student,Education,6.0,Poor,9.5,5.5,Never,0.0,5.0,0.0,Moderate,Academic assignment,4,3,2,4,2,3,4.0,3,5,4,4,5,3,4,4,5,3,4,2,2,2,2,2,2,2,2,4,2,Reactive planning,Mental planning,TikTok,Constantly,Often,5,Yes,Social media,8,4,3,7,7,4,3,4.10,2.20,3.00,2.06,4.67,3.40
P0184,synthetic_ai,1,53,50-59,Male,Postgraduate,Full-time employed,Technology,7.0,Good,7.5,1.5,3-4x/week,9.0,0.0,1.0,Heavy,Work project,5,5,3,3,4,5,10.0,7,3,3,3,3,3,3,3,3,3,3,4,4,4,4,4,4,4,4,3,2,4,Weekly planner,Computer calendar,LinkedIn,Once a day,Rarely,2,Yes,Overwhelm,6,7,6,5,5,6,6,3.00,3.70,3.67,3.28,2.00,5.90
P0185,synthetic_ai,1,31,30-39,Female,Doctorate,Full-time employed,Research,7.0,Good,7.0,1.5,1-2x/week,9.5,2.0,0.5,Very heavy,Work project,5,5,4,4,3,5,12.0,5,4,4,3,4,3,4,4,4,3,4,4,4,4,4,4,4,4,4,3,2,3,Weekly planner,Computer calendar,LinkedIn,Once a day,Sometimes,3,Yes,Overwhelm,8,5,4,7,7,4,4,3.70,3.70,4.00,4.41,3.00,4.10
P0186,synthetic_ai,1,26,25-29,Male,Undergraduate,Full-time employed,Engineering,6.5,Fair,8.0,2.5,1-2x/week,9.0,0.0,1.5,Heavy,Work project,5,4,3,4,3,4,8.0,5,3,4,3,3,3,3,3,4,3,3,3,3,3,3,3,3,3,3,3,3,3,Daily planner,Phone calendar,YouTube,2-3 times a day,Sometimes,3,Yes,Task difficulty,7,5,5,5,6,5,5,3.20,3.00,3.67,3.28,3.00,5.00
P0187,synthetic_ai,1,44,40-49,Female,Undergraduate,Full-time employed,Healthcare,7.0,Good,5.5,1.0,Daily,8.5,0.0,1.0,Heavy,Health-related task,5,3,4,2,4,3,4.0,14,2,2,2,2,1,2,2,2,2,2,5,5,4,5,5,4,5,4,1,2,5,Calendar-based planning,Phone calendar,Facebook,Once a day,Never,1,No,Fatigue,4,8,7,3,3,7,8,1.90,4.30,3.00,3.09,1.00,8.20
P0188,synthetic_ai,1,20,18-20,Female,High school,Student,Education,6.5,Fair,9.5,5.0,Never,0.0,5.0,0.0,Moderate,Exam preparation,5,3,2,4,2,3,5.0,4,4,4,3,4,3,4,3,4,3,3,2,2,2,2,2,2,2,2,4,2,Reactive planning,Mental planning,TikTok,Constantly,Often,5,Yes,Social media,8,4,4,7,7,4,3,3.50,2.20,3.00,2.06,4.67,3.60
P0189,synthetic_ai,1,38,30-39,Male,Postgraduate,Full-time employed,Finance,7.0,Good,7.0,1.5,3-4x/week,9.0,0.0,1.0,Heavy,Financial task,4,4,3,3,3,4,6.0,7,2,2,2,2,2,2,2,2,2,2,4,4,4,5,5,4,5,4,2,2,5,Calendar-based planning,Computer calendar,LinkedIn,Once a day,Never,1,Yes,Low motivation,5,7,6,4,4,6,7,2.00,4.10,3.00,3.28,1.00,7.00
P0190,synthetic_ai,1,29,25-29,Female,Undergraduate,Freelancer,Creative,6.0,Fair,8.5,4.0,Never,5.0,0.5,0.0,Moderate,Creative task,3,3,5,2,3,3,7.0,21,3,3,3,3,3,3,2,3,3,2,3,3,3,3,3,3,3,3,3,3,3,Mixed strategy,Todo application,Instagram,Every few hours,Sometimes,4,Yes,Perfectionism,6,6,5,5,5,5,5,2.90,3.00,2.67,1.91,3.67,5.20
P0191,synthetic_ai,1,56,50-59,Male,Postgraduate,Full-time employed,Government,7.5,Good,5.0,1.0,3-4x/week,8.0,0.0,1.5,Heavy,Email/administrative task,3,2,2,2,4,2,2.0,3,2,2,2,2,2,2,2,2,2,2,5,4,4,5,5,4,5,4,2,2,5,Weekly planner,Computer calendar,LinkedIn,Once a day,Never,1,No,Low motivation,4,8,7,3,3,7,8,2.00,4.30,2.00,2.88,1.00,7.90
P0192,synthetic_ai,1,23,21-24,Female,Undergraduate,Student,Education,5.5,Poor,10.5,5.5,Never,0.5,5.5,0.0,Moderate,Academic assignment,5,4,2,5,2,4,6.0,3,5,5,4,5,4,4,4,5,3,4,2,2,1,2,2,2,2,2,5,1,Deadline-driven,Mental planning,TikTok,Constantly,Always,5,Yes,Social media,9,3,3,8,8,3,2,4.20,1.90,4.00,2.19,5.00,2.80
P0193,synthetic_ai,1,47,40-49,Male,Undergraduate,Full-time employed,Technology,7.0,Good,8.0,2.0,3-4x/week,9.0,0.0,1.0,Heavy,Work project,5,5,3,4,4,5,10.0,7,3,3,3,3,3,3,3,3,2,3,4,4,4,4,4,4,4,4,3,2,4,Weekly planner,Computer calendar,LinkedIn,Once a day,Rarely,2,Yes,Task difficulty,6,7,6,5,5,6,6,2.90,3.70,4.00,3.28,2.00,6.10
P0194,synthetic_ai,1,34,30-39,Female,Postgraduate,Self-employed,Creative,7.0,Good,8.0,3.0,3-4x/week,6.0,1.0,0.0,Moderate,Creative task,3,3,5,2,3,3,6.0,21,2,2,3,2,3,3,2,2,3,2,4,4,4,4,4,4,4,4,2,3,4,Weekly planner,Todo application,Instagram,2-3 times a day,Rarely,2,Yes,Perfectionism,4,7,7,4,3,7,7,2.40,3.80,2.67,2.25,2.00,7.10
P0195,synthetic_ai,1,67,60+,Female,High school,Retired,Other,8.0,Good,3.0,0.5,Daily,0.0,0.0,0.0,Very light,Household task,2,2,4,1,5,2,2.0,30,1,1,2,1,2,2,1,1,2,1,5,4,4,5,5,4,5,5,1,2,5,Daily planner,Paper notebook,Facebook,Once a day,Never,1,No,Boredom,2,9,8,2,2,9,9,1.40,4.40,1.67,1.00,1.00,9.40
P0196,synthetic_ai,1,25,25-29,Male,Undergraduate,Full-time employed,Hospitality,6.5,Fair,6.5,2.5,1-2x/week,8.0,0.0,1.5,Heavy,Work project,3,3,3,3,3,3,5.0,10,3,3,3,3,3,3,3,3,3,3,3,3,3,3,3,3,3,3,3,3,3,Daily planner,Phone calendar,Instagram,2-3 times a day,Sometimes,3,Yes,Low motivation,6,6,5,5,5,5,5,3.00,3.00,3.00,2.88,3.00,5.30
P0197,synthetic_ai,1,42,40-49,Female,Postgraduate,Full-time employed,Healthcare,7.5,Good,5.5,1.0,Daily,8.5,0.0,1.0,Heavy,Health-related task,5,3,4,2,5,3,4.0,14,2,2,2,2,1,2,2,2,2,2,5,5,4,5,5,4,5,4,1,1,5,Calendar-based planning,Phone calendar,Facebook,Once a day,Never,1,No,Fear of failure,4,8,7,3,3,7,8,1.90,4.40,3.33,3.09,1.00,8.20
P0198,synthetic_ai,1,27,25-29,Male,Postgraduate,Full-time employed,Finance,7.0,Good,7.5,2.0,1-2x/week,8.5,0.0,1.5,Heavy,Financial task,4,3,2,3,3,3,5.0,7,3,3,3,3,3,3,3,3,3,3,3,3,3,3,3,3,3,3,3,3,3,Daily planner,Phone calendar,LinkedIn,2-3 times a day,Rarely,2,Yes,Boredom,6,6,5,4,5,5,5,3.00,3.00,2.67,3.09,2.00,5.50
P0199,synthetic_ai,1,36,30-39,Male,Undergraduate,Full-time employed,Retail,6.5,Fair,7.0,2.5,1-2x/week,7.5,0.0,1.0,Moderate,Email/administrative task,3,2,2,2,3,2,2.0,5,3,3,3,3,3,3,3,3,3,3,3,3,3,3,3,3,3,3,3,3,3,Daily planner,Phone calendar,Instagram,2-3 times a day,Sometimes,3,Yes,Boredom,6,6,5,5,5,5,5,3.00,3.00,2.33,2.66,3.00,5.30
P0200,synthetic_ai,1,51,50-59,Female,Undergraduate,Full-time employed,Education,7.5,Good,5.5,1.0,3-4x/week,7.5,1.0,1.0,Heavy,Work project,4,3,4,2,4,3,5.0,14,2,2,2,2,2,2,2,2,2,2,5,4,4,5,5,4,5,4,2,2,5,Weekly planner,Computer calendar,Facebook,Once a day,Never,1,No,Low motivation,4,8,7,3,3,7,7,2.00,4.30,2.33,2.88,1.00,7.90
P0201,synthetic_ai,1,22,21-24,Male,Undergraduate,Student,Education,5.5,Poor,11.0,6.0,Never,1.0,6.0,0.0,Moderate,Exam preparation,5,5,4,5,3,4,7.0,1,5,5,5,5,5,5,5,5,4,5,1,1,1,1,1,1,1,1,5,1,No planning,None,YouTube,Constantly,Always,5,Yes,Entertainment,10,2,2,9,9,2,2,4.90,1.40,4.67,2.19,5.00,1.80
P0202,synthetic_ai,1,39,30-39,Female,Postgraduate,Full-time employed,Healthcare,7.0,Good,6.0,1.5,3-4x/week,8.5,0.0,1.0,Heavy,Work project,5,4,3,3,4,4,7.0,5,3,3,2,3,2,3,3,3,2,3,4,4,4,4,4,4,4,4,3,2,4,Weekly planner,Phone calendar,LinkedIn,Once a day,Rarely,2,Yes,Fatigue,6,7,6,4,5,6,6,2.70,3.70,3.33,3.09,2.00,6.50
P0203,synthetic_ai,1,28,25-29,Female,Undergraduate,Full-time employed,Technology,6.5,Fair,8.0,2.5,1-2x/week,8.0,0.5,0.5,Heavy,Work project,4,4,3,3,3,4,7.0,10,3,3,3,3,3,3,3,3,3,3,3,3,3,3,3,3,3,3,3,3,3,Mixed strategy,Todo application,Instagram,Every few hours,Sometimes,3,Yes,Lack of clarity,6,6,5,5,5,5,5,3.00,3.00,3.00,3.09,3.33,5.20
P0204,synthetic_ai,1,60,60+,Male,Diploma,Retired,Other,8.5,Very good,3.0,0.5,Daily,0.0,0.0,0.0,Very light,Household task,2,2,4,1,5,2,3.0,30,1,1,1,1,2,2,1,1,2,1,5,4,4,5,5,4,5,5,1,2,5,Daily planner,Paper notebook,Facebook,Once a day,Never,1,No,Boredom,2,9,9,2,1,9,9,1.40,4.40,1.67,1.00,1.00,9.60
P0205,synthetic_ai,1,32,30-39,Male,Postgraduate,Full-time employed,Research,6.5,Fair,8.0,2.0,1-2x/week,9.5,2.0,0.5,Very heavy,Work project,5,5,4,4,3,5,12.0,5,4,4,4,4,3,4,4,4,3,4,4,4,4,4,4,4,4,4,3,2,3,Weekly planner,Computer calendar,LinkedIn,Once a day,Sometimes,3,Yes,Overwhelm,8,5,4,7,7,4,4,3.80,3.70,4.33,4.22,3.00,4.10
P0206,synthetic_ai,1,46,40-49,Female,Undergraduate,Full-time employed,Government,7.0,Good,5.5,1.0,3-4x/week,8.5,0.0,1.0,Heavy,Email/administrative task,3,2,2,2,4,2,3.0,7,2,2,2,2,2,2,2,2,2,2,4,4,4,5,5,4,5,4,2,2,5,Weekly planner,Computer calendar,LinkedIn,Once a day,Never,1,No,Low motivation,5,7,6,4,4,6,7,2.00,4.10,2.00,3.09,1.00,7.10
P0207,synthetic_ai,1,19,18-20,Female,High school,Student,Education,6.5,Fair,9.0,5.0,Never,0.0,5.0,0.0,Moderate,Academic assignment,4,3,2,4,2,3,4.0,4,4,4,3,4,3,4,4,4,3,3,2,2,2,2,2,2,2,2,4,2,Reactive planning,Mental planning,TikTok,Constantly,Often,5,Yes,Social media,8,4,3,7,7,4,3,3.60,2.20,3.00,2.06,4.67,3.50
P0208,synthetic_ai,1,43,40-49,Male,Undergraduate,Full-time employed,Engineering,7.0,Good,7.5,2.0,3-4x/week,9.0,0.0,1.5,Heavy,Work project,5,5,3,4,4,5,9.0,5,3,3,3,3,3,3,3,3,2,3,4,4,4,4,4,4,4,4,3,2,4,Weekly planner,Computer calendar,YouTube,Once a day,Sometimes,2,Yes,Task difficulty,6,7,6,5,5,6,6,2.90,3.70,4.00,3.28,2.33,6.10
P0209,synthetic_ai,1,25,25-29,Female,Postgraduate,Full-time employed,Healthcare,7.0,Good,6.5,1.5,3-4x/week,8.0,0.5,1.0,Heavy,Work project,5,4,3,3,4,4,7.0,5,3,3,2,3,2,3,3,3,2,3,4,4,4,4,4,4,4,4,3,2,4,Weekly planner,Phone calendar,LinkedIn,Once a day,Rarely,2,Yes,Fatigue,6,7,6,4,5,6,6,2.70,3.70,3.33,3.09,2.00,6.50
P0210,synthetic_ai,1,70,60+,Female,Undergraduate,Retired,Other,8.0,Good,3.5,0.5,Daily,0.0,0.0,0.0,Very light,Household task,2,2,4,1,5,2,2.0,30,1,1,2,1,2,2,1,1,2,1,5,4,4,5,5,4,5,5,1,2,5,Daily planner,Paper notebook,Facebook,Once a day,Never,1,No,Boredom,2,9,8,2,2,9,9,1.40,4.40,1.67,1.00,1.00,9.40
P0211,synthetic_ai,1,30,30-39,Male,Undergraduate,Full-time employed,Finance,7.0,Good,7.0,2.0,3-4x/week,8.5,0.0,1.0,Heavy,Financial task,4,3,2,3,3,3,5.0,7,3,3,3,3,3,3,3,3,3,3,3,3,3,3,3,3,3,3,3,3,3,Daily planner,Phone calendar,LinkedIn,2-3 times a day,Rarely,2,Yes,Boredom,6,6,5,5,5,5,5,3.00,3.00,2.67,3.09,2.00,5.50
P0212,synthetic_ai,1,21,21-24,Female,Diploma,Part-time employed,Retail,5.5,Poor,9.5,5.0,Never,4.0,1.5,1.0,Moderate,Personal project,3,2,4,3,3,2,4.0,21,4,4,4,4,3,3,3,4,3,3,2,2,2,2,2,2,2,2,4,2,Reactive planning,Mental planning,Instagram,Constantly,Often,5,Yes,Low motivation,8,4,4,7,7,4,3,3.40,2.20,3.00,2.25,4.67,3.40
P0213,synthetic_ai,1,55,50-59,Male,Postgraduate,Full-time employed,Technology,7.0,Good,7.5,1.5,3-4x/week,9.0,0.0,1.0,Heavy,Work project,5,5,3,3,4,5,10.0,7,3,3,3,3,3,3,3,3,3,3,4,4,4,4,4,4,4,4,3,2,4,Weekly planner,Computer calendar,LinkedIn,Once a day,Rarely,2,Yes,Overwhelm,6,7,6,5,5,6,6,3.00,3.70,3.67,3.28,2.00,5.90
P0214,synthetic_ai,1,36,30-39,Female,Doctorate,Full-time employed,Research,7.0,Good,7.5,1.5,1-2x/week,9.5,2.0,0.5,Very heavy,Work project,5,5,4,4,3,5,12.0,5,4,4,3,4,3,4,4,4,3,4,4,4,4,4,4,4,4,4,3,2,3,Weekly planner,Computer calendar,LinkedIn,Once a day,Sometimes,3,Yes,Overwhelm,8,5,4,7,7,4,4,3.70,3.70,4.00,4.41,3.00,4.10
P0215,synthetic_ai,1,24,21-24,Male,Undergraduate,Student,Education,5.5,Poor,10.5,5.5,Never,1.5,5.5,0.0,Moderate,Exam preparation,5,4,2,5,3,4,6.0,2,5,5,5,5,4,4,4,5,3,4,1,1,1,1,1,1,1,1,5,1,No planning,None,YouTube,Constantly,Always,5,Yes,Entertainment,9,3,3,8,9,3,2,4.50,1.40,4.33,2.19,5.00,2.30
P0216,synthetic_ai,1,48,40-49,Female,Postgraduate,Full-time employed,Healthcare,7.5,Good,5.5,1.0,Daily,8.0,0.0,1.0,Heavy,Health-related task,4,3,4,2,4,3,4.0,14,2,2,2,2,1,2,2,2,2,2,4,4,4,5,5,4,5,4,1,2,5,Calendar-based planning,Phone calendar,Facebook,Once a day,Never,1,No,Fear of failure,4,8,7,3,3,7,8,1.90,4.30,3.00,2.88,1.00,8.10
P0217,synthetic_ai,1,27,25-29,Male,Diploma,Full-time employed,Manufacturing,6.5,Fair,6.0,2.0,1-2x/week,9.0,0.0,1.5,Heavy,Work project,4,4,2,3,3,4,8.0,5,3,3,3,3,3,3,3,3,3,3,3,3,3,3,3,3,3,3,3,3,3,Daily planner,Phone calendar,Instagram,2-3 times a day,Sometimes,3,Yes,Fatigue,7,5,5,5,6,5,5,3.00,3.00,3.00,3.28,3.00,5.00
P0218,synthetic_ai,1,40,40-49,Male,Undergraduate,Full-time employed,Business,7.0,Good,7.5,2.0,3-4x/week,8.5,0.0,1.0,Heavy,Work project,4,4,3,3,3,4,7.0,10,3,3,3,3,3,3,3,3,3,3,4,4,3,4,4,3,4,3,3,2,4,Weekly planner,Phone calendar,LinkedIn,2-3 times a day,Rarely,2,Yes,Low motivation,6,6,6,5,5,6,6,3.00,3.50,3.00,3.09,2.00,5.70
P0219,synthetic_ai,1,33,30-39,Female,Undergraduate,Full-time employed,Healthcare,7.0,Good,6.5,1.5,3-4x/week,8.5,0.0,1.0,Heavy,Work project,5,4,3,3,4,4,7.0,5,3,3,2,3,2,3,3,3,2,3,4,4,4,4,4,4,4,4,3,2,4,Weekly planner,Phone calendar,LinkedIn,Once a day,Rarely,2,Yes,Fatigue,6,7,6,4,5,6,6,2.70,3.70,3.33,3.09,2.00,6.50
P0220,synthetic_ai,1,58,50-59,Male,Postgraduate,Full-time employed,Government,7.5,Good,5.0,1.0,3-4x/week,8.0,0.0,1.5,Heavy,Email/administrative task,3,2,2,2,4,2,2.0,3,2,2,2,2,2,2,2,2,2,2,5,4,4,5,5,4,5,4,2,2,5,Weekly planner,Computer calendar,LinkedIn,Once a day,Never,1,No,Low motivation,4,8,7,3,3,7,7,2.00,4.30,2.00,2.88,1.00,7.90

P0221,synthetic_ai,1,23,21-24,Female,Undergraduate,Student,Education,6.0,Fair,9.5,5.0,Never,0.5,5.5,0.0,Moderate,Academic assignment,5,4,2,4,2,3,5.0,3,5,4,4,5,4,4,4,5,3,4,2,2,1,2,2,2,2,2,5,1,Reactive planning,Mental planning,TikTok,Constantly,Always,5,Yes,Social media,9,3,3,8,8,3,2,4.20,1.90,3.33,2.19,5.00,2.80
P0222,synthetic_ai,1,45,40-49,Male,Undergraduate,Full-time employed,Engineering,7.0,Good,7.5,2.0,3-4x/week,9.0,0.0,1.5,Heavy,Work project,5,5,3,4,4,5,9.0,5,3,3,3,3,3,3,3,3,2,3,4,4,4,4,4,4,4,4,3,2,4,Weekly planner,Computer calendar,YouTube,Once a day,Sometimes,2,Yes,Task difficulty,7,6,5,5,5,5,5,2.90,3.70,4.00,3.28,2.33,5.50
P0223,synthetic_ai,1,29,25-29,Female,Postgraduate,Full-time employed,Finance,7.0,Good,6.5,1.5,3-4x/week,8.5,0.0,1.0,Heavy,Financial task,4,4,3,3,3,4,6.0,7,2,2,2,2,2,2,2,2,2,2,4,4,4,5,5,4,5,4,2,2,5,Calendar-based planning,Computer calendar,LinkedIn,Once a day,Never,1,Yes,Low motivation,5,7,6,4,4,6,7,2.00,4.10,3.00,3.28,1.00,7.00
P0224,synthetic_ai,1,64,60+,Female,Diploma,Retired,Other,8.0,Good,3.0,0.5,Daily,0.0,0.0,0.0,Very light,Household task,2,2,4,1,5,1,2.0,30,1,1,2,1,2,2,1,1,2,1,5,4,4,5,5,4,5,5,1,2,5,Daily planner,Paper notebook,Facebook,Once a day,Never,1,No,Boredom,2,9,8,2,2,9,9,1.40,4.40,1.67,1.00,1.00,9.40
P0225,synthetic_ai,1,31,30-39,Male,Undergraduate,Full-time employed,Hospitality,6.5,Fair,6.5,2.5,1-2x/week,8.0,0.0,1.5,Heavy,Work project,3,3,3,3,3,3,5.0,10,3,3,3,3,3,3,3,3,3,3,3,3,3,3,3,3,3,3,3,3,3,Daily planner,Phone calendar,Instagram,2-3 times a day,Sometimes,3,Yes,Boredom,6,6,5,5,5,5,5,3.00,3.00,3.00,2.88,3.00,5.30
P0226,synthetic_ai,1,38,30-39,Female,Postgraduate,Full-time employed,Research,7.0,Good,6.5,1.5,3-4x/week,8.5,1.0,0.5,Heavy,Work project,5,4,4,3,4,4,8.0,7,3,3,2,3,2,3,3,3,2,3,4,4,4,4,4,4,4,4,3,2,4,Weekly planner,Computer calendar,LinkedIn,Once a day,Rarely,2,Yes,Overwhelm,6,7,6,4,5,6,6,2.70,3.70,3.33,3.09,2.00,6.50
P0227,synthetic_ai,1,19,18-20,Male,High school,Student,Education,6.5,Poor,9.0,5.0,Never,0.0,4.5,0.0,Moderate,Academic assignment,4,3,2,4,2,3,4.0,3,5,4,3,4,3,4,4,4,3,3,2,2,2,2,2,2,2,2,4,2,Reactive planning,Mental planning,Instagram,Every few hours,Often,4,Yes,Social media,8,4,4,7,7,4,3,3.60,2.20,3.00,2.06,4.00,3.60
P0228,synthetic_ai,1,53,50-59,Female,Undergraduate,Homemaker/caregiver,Other,7.5,Good,4.5,1.0,1-2x/week,2.0,0.0,0.5,Light,Household task,3,2,3,2,4,2,3.0,14,2,2,2,2,2,2,2,2,2,2,4,3,3,4,4,3,4,3,2,2,4,Daily planner,Paper notebook,Facebook,Once a day,Rarely,1,No,Boredom,4,7,7,3,3,7,7,2.00,3.60,2.00,1.16,1.00,7.30
P0229,synthetic_ai,1,26,25-29,Male,Undergraduate,Full-time employed,Technology,6.5,Fair,8.5,3.0,1-2x/week,8.5,0.0,1.0,Heavy,Work project,5,5,3,4,3,4,9.0,5,4,4,3,4,3,3,4,4,3,4,3,3,3,3,3,3,3,3,3,3,3,Daily planner,Todo application,YouTube,Every few hours,Sometimes,3,Yes,Task difficulty,7,6,5,6,6,5,5,3.60,3.00,3.67,3.09,3.33,5.00
P0230,synthetic_ai,1,42,40-49,Female,Undergraduate,Full-time employed,Healthcare,7.0,Good,5.5,1.0,Daily,8.5,0.0,1.0,Heavy,Health-related task,5,3,4,2,4,3,4.0,21,2,2,2,2,1,2,2,2,2,2,5,5,4,5,5,4,5,4,1,2,5,Calendar-based planning,Phone calendar,Facebook,Once a day,Never,1,No,Fatigue,4,8,7,3,3,7,8,1.90,4.30,3.00,3.09,1.00,8.20
P0231,synthetic_ai,1,20,18-20,Female,High school,Student,Education,6.0,Fair,9.0,5.0,Never,0.0,5.0,0.0,Moderate,Exam preparation,5,3,2,4,2,3,5.0,4,4,4,4,4,3,4,3,4,3,3,2,2,2,2,2,2,2,2,4,2,Reactive planning,Mental planning,TikTok,Constantly,Often,5,Yes,Social media,8,4,3,7,7,4,3,3.60,2.20,3.00,2.06,4.67,3.50
P0232,synthetic_ai,1,35,30-39,Male,Postgraduate,Freelancer,Technology,6.5,Fair,9.0,3.5,1-2x/week,7.0,0.5,0.0,Moderate,Work project,4,4,4,3,3,4,8.0,14,3,3,3,3,3,3,3,3,3,3,3,3,3,3,3,3,3,3,3,3,3,Mixed strategy,Todo application,Reddit,Every few hours,Sometimes,3,Yes,Perfectionism,6,6,5,5,5,5,5,3.00,3.00,3.33,2.41,3.33,5.20
P0233,synthetic_ai,1,60,60+,Female,Undergraduate,Retired,Other,8.0,Good,3.5,0.5,Daily,0.0,0.0,0.0,Very light,Household task,2,2,4,1,5,2,2.0,30,1,1,2,1,2,2,1,1,2,1,5,4,4,5,5,4,5,5,1,2,5,Daily planner,Paper notebook,Facebook,Once a day,Never,1,No,Boredom,2,9,8,2,2,9,9,1.40,4.40,1.67,1.00,1.00,9.40
P0234,synthetic_ai,1,28,25-29,Female,Undergraduate,Full-time employed,Education,7.0,Good,6.0,2.0,3-4x/week,7.0,1.0,1.0,Moderate,Academic assignment,4,3,3,3,4,3,4.0,14,2,3,2,3,2,3,3,3,3,3,4,3,3,4,4,3,3,3,3,3,3,Daily planner,Phone calendar,Instagram,2-3 times a day,Rarely,2,Yes,Low motivation,5,7,6,4,4,6,6,2.80,3.20,3.00,2.50,2.00,6.40
P0235,synthetic_ai,1,47,40-49,Male,Postgraduate,Full-time employed,Technology,7.0,Good,8.0,2.0,3-4x/week,9.0,0.0,1.0,Heavy,Work project,5,5,3,4,4,5,10.0,7,3,3,3,3,3,3,3,3,2,3,4,4,4,4,4,4,4,4,3,2,4,Weekly planner,Computer calendar,LinkedIn,Once a day,Rarely,2,Yes,Task difficulty,6,7,6,5,5,6,6,2.90,3.70,4.00,3.28,2.00,6.10
P0236,synthetic_ai,1,22,21-24,Male,Diploma,Job seeker,Other,6.5,Fair,8.0,4.5,Never,0.0,2.0,0.5,Light,Job application,4,3,3,4,2,3,3.0,7,4,4,3,4,3,3,3,4,3,3,2,2,2,2,2,2,2,2,4,2,Reactive planning,Mental planning,Instagram,Constantly,Often,5,Yes,Fear of failure,7,5,4,6,6,5,4,3.40,2.20,3.33,1.06,4.33,4.20
P0237,synthetic_ai,1,54,50-59,Female,Postgraduate,Full-time employed,Healthcare,7.5,Good,5.5,1.0,Daily,8.0,0.0,1.0,Heavy,Health-related task,4,3,4,2,4,3,4.0,14,2,2,2,2,1,2,2,2,2,2,4,4,4,5,5,4,5,4,1,2,5,Calendar-based planning,Phone calendar,Facebook,Once a day,Never,1,No,Fear of failure,4,8,7,3,3,7,8,1.90,4.30,3.00,2.88,1.00,8.10
P0238,synthetic_ai,1,30,30-39,Male,Undergraduate,Full-time employed,Finance,7.0,Good,7.0,2.0,3-4x/week,8.5,0.0,1.0,Heavy,Financial task,4,3,2,3,3,3,5.0,7,3,3,3,3,3,3,3,3,3,3,3,3,3,3,3,3,3,3,3,3,3,Daily planner,Phone calendar,LinkedIn,2-3 times a day,Rarely,2,Yes,Boredom,6,6,5,5,5,5,5,3.00,3.00,2.67,3.09,2.00,5.50
P0239,synthetic_ai,1,37,30-39,Female,Undergraduate,Full-time employed,Retail,6.5,Fair,7.0,2.5,1-2x/week,7.5,0.0,1.0,Moderate,Email/administrative task,3,2,2,2,3,2,2.0,5,3,3,3,3,3,3,3,3,3,3,3,3,3,3,3,3,3,3,3,3,3,Daily planner,Phone calendar,Instagram,2-3 times a day,Sometimes,3,Yes,Boredom,6,6,5,5,5,5,5,3.00,3.00,2.33,2.66,3.00,5.30
P0240,synthetic_ai,1,25,25-29,Male,Undergraduate,Full-time employed,Government,6.5,Fair,6.5,2.0,1-2x/week,8.0,0.0,1.0,Heavy,Email/administrative task,3,2,2,2,3,2,2.0,7,3,3,3,3,3,3,3,3,3,3,3,3,3,3,3,3,3,3,3,3,3,Daily planner,Phone calendar,LinkedIn,2-3 times a day,Rarely,2,Yes,Low motivation,5,7,6,4,4,6,6,3.00,3.00,2.00,2.88,2.00,6.20
P0241,synthetic_ai,1,49,40-49,Female,Postgraduate,Full-time employed,Healthcare,7.0,Good,5.5,1.0,Daily,8.5,0.0,1.0,Heavy,Health-related task,5,3,4,2,5,3,4.0,14,2,2,2,2,1,2,2,2,2,2,5,5,4,5,5,4,5,4,1,1,5,Calendar-based planning,Phone calendar,Facebook,Once a day,Never,1,No,Fear of failure,4,8,7,3,3,7,8,1.90,4.40,3.33,3.09,1.00,8.20
P0242,synthetic_ai,1,21,21-24,Male,Undergraduate,Student,Education,5.5,Poor,10.5,5.5,Never,1.0,5.5,0.0,Moderate,Exam preparation,5,5,3,5,3,4,6.0,2,5,5,4,5,4,5,4,5,3,4,1,1,1,1,1,1,1,1,5,1,No planning,None,YouTube,Constantly,Always,5,Yes,Entertainment,9,3,3,9,8,3,2,4.50,1.40,4.33,2.19,5.00,2.30
P0243,synthetic_ai,1,44,40-49,Female,Undergraduate,Full-time employed,Government,7.0,Good,5.5,1.0,3-4x/week,8.0,0.0,1.0,Heavy,Email/administrative task,3,2,2,2,4,2,3.0,7,2,2,2,2,2,2,2,2,2,2,4,4,4,5,5,4,5,4,2,2,5,Weekly planner,Computer calendar,LinkedIn,Once a day,Never,1,No,Low motivation,5,7,6,4,4,6,7,2.00,4.10,2.00,2.88,1.00,7.10
P0244,synthetic_ai,1,33,30-39,Male,Postgraduate,Full-time employed,Research,7.0,Good,7.5,1.5,1-2x/week,9.5,2.5,0.5,Very heavy,Work project,5,5,4,4,3,5,12.0,5,4,4,3,4,3,4,4,4,3,4,4,4,4,4,4,4,4,4,3,2,3,Weekly planner,Computer calendar,LinkedIn,Once a day,Sometimes,3,Yes,Overwhelm,8,5,4,7,7,4,4,3.70,3.70,4.00,4.41,3.00,4.10
P0245,synthetic_ai,1,26,25-29,Female,Undergraduate,Full-time employed,Technology,6.5,Fair,8.0,2.5,1-2x/week,8.0,0.5,0.5,Heavy,Work project,4,4,3,3,3,4,7.0,10,3,3,3,3,3,3,3,3,3,3,3,3,3,3,3,3,3,3,3,3,3,Mixed strategy,Todo application,Instagram,Every few hours,Sometimes,3,Yes,Lack of clarity,6,6,5,5,5,5,5,3.00,3.00,3.00,3.09,3.33,5.20
P0246,synthetic_ai,1,57,50-59,Male,Undergraduate,Full-time employed,Manufacturing,7.0,Good,5.5,1.0,3-4x/week,8.5,0.0,1.5,Heavy,Work project,4,4,2,3,3,4,8.0,7,3,3,3,3,3,3,3,3,3,3,4,4,3,4,4,3,4,3,3,2,3,Weekly planner,Computer calendar,YouTube,Once a day,Rarely,2,Yes,Task difficulty,6,6,6,5,5,6,6,3.00,3.50,3.00,3.09,2.00,5.80
P0247,synthetic_ai,1,24,21-24,Female,Undergraduate,Part-time employed,Retail,5.5,Poor,9.5,5.0,Never,4.0,2.0,1.0,Moderate,Personal project,3,3,4,3,3,3,5.0,21,4,3,3,4,3,3,3,4,3,3,2,2,2,2,2,2,2,2,4,2,Reactive planning,Mental planning,TikTok,Constantly,Often,5,Yes,Low motivation,8,4,4,7,7,4,3,3.30,2.20,3.00,2.25,4.67,3.40
P0248,synthetic_ai,1,40,40-49,Male,Undergraduate,Full-time employed,Engineering,7.0,Good,7.5,2.0,3-4x/week,9.0,0.0,1.5,Heavy,Work project,5,4,3,3,4,4,9.0,7,3,3,3,3,3,3,3,3,2,3,4,4,4,4,4,4,4,4,3,2,4,Weekly planner,Computer calendar,YouTube,Once a day,Sometimes,2,Yes,Task difficulty,6,7,6,5,5,6,6,2.90,3.70,3.67,3.28,2.33,6.10
P0249,synthetic_ai,1,67,60+,Male,High school,Retired,Other,8.5,Very good,2.5,0.5,Daily,0.0,0.0,0.0,Very light,Household task,2,1,4,1,5,1,2.0,30,1,1,1,1,2,1,1,1,2,1,5,4,4,5,5,4,5,5,1,2,5,Daily planner,Paper notebook,Facebook,Once a day,Never,1,No,Boredom,2,9,9,2,1,9,9,1.20,4.40,1.00,1.00,1.00,9.60
P0250,synthetic_ai,1,29,25-29,Female,Postgraduate,Full-time employed,Healthcare,7.0,Good,6.5,1.5,3-4x/week,8.5,0.5,1.0,Heavy,Work project,5,4,3,3,4,4,7.0,5,3,3,2,3,2,3,3,3,2,3,4,4,4,4,4,4,4,4,3,2,4,Weekly planner,Phone calendar,LinkedIn,Once a day,Rarely,2,Yes,Fatigue,6,7,6,4,5,6,6,2.70,3.70,3.33,3.09,2.00,6.50
P0251,synthetic_ai,1,36,30-39,Male,Undergraduate,Full-time employed,Business,7.0,Good,7.5,2.0,3-4x/week,8.0,0.0,1.0,Moderate,Work project,4,3,3,3,3,3,5.0,10,3,3,3,3,3,3,3,3,3,3,3,3,3,3,3,3,3,3,3,3,3,Mixed strategy,Phone calendar,LinkedIn,2-3 times a day,Sometimes,3,Yes,Low motivation,6,6,5,5,5,5,5,3.00,3.00,3.00,2.66,3.00,5.30
P0252,synthetic_ai,1,20,18-20,Male,High school,Student,Education,6.5,Fair,8.5,4.5,Never,0.0,4.5,0.0,Moderate,Exam preparation,5,4,2,5,3,4,5.0,3,5,5,4,5,4,5,4,5,3,4,1,1,1,1,1,1,1,1,5,1,No planning,None,YouTube,Constantly,Always,5,Yes,Entertainment,9,3,3,8,9,3,2,4.50,1.40,4.33,2.06,5.00,2.30
P0253,synthetic_ai,1,50,50-59,Female,Postgraduate,Full-time employed,Education,7.5,Good,5.5,1.0,3-4x/week,7.5,1.0,1.0,Heavy,Work project,4,3,4,2,4,3,5.0,14,2,2,2,2,2,2,2,2,2,2,5,5,4,5,5,4,5,4,2,2,5,Weekly planner,Computer calendar,Facebook,Once a day,Never,1,No,Low motivation,4,8,7,3,3,7,8,2.00,4.30,2.33,2.88,1.00,8.00
P0254,synthetic_ai,1,27,25-29,Male,Undergraduate,Full-time employed,Engineering,7.0,Good,7.5,2.0,1-2x/week,9.0,0.0,1.5,Heavy,Work project,5,4,3,4,3,4,8.0,5,3,3,3,3,2,3,3,3,2,3,4,4,4,4,4,4,4,4,3,2,4,Weekly planner,Computer calendar,YouTube,2-3 times a day,Rarely,2,Yes,Task difficulty,6,7,6,5,5,6,6,2.80,3.70,3.67,3.28,2.00,6.20
P0255,synthetic_ai,1,44,40-49,Female,Postgraduate,Full-time employed,Finance,7.5,Good,6.5,1.5,3-4x/week,9.0,0.0,1.0,Heavy,Financial task,5,4,3,3,4,4,6.0,5,2,2,2,2,2,2,3,2,2,2,5,5,4,5,5,4,5,5,2,2,5,Calendar-based planning,Computer calendar,LinkedIn,Once a day,Never,1,Yes,Fatigue,5,7,6,4,4,7,7,2.10,4.30,3.33,3.28,1.00,7.10
P0256,synthetic_ai,1,23,21-24,Male,Undergraduate,Student,Education,5.5,Poor,10.5,5.5,Never,1.5,5.5,0.0,Moderate,Exam preparation,5,5,3,5,3,4,7.0,1,5,5,4,5,4,5,4,5,3,4,1,1,1,1,1,1,1,1,5,1,No planning,None,YouTube,Constantly,Always,5,Yes,Entertainment,9,3,3,8,9,3,2,4.50,1.40,4.33,2.19,5.00,2.30
P0257,synthetic_ai,1,38,30-39,Female,Postgraduate,Full-time employed,Technology,7.0,Good,8.0,2.0,3-4x/week,9.0,0.0,1.0,Heavy,Work project,5,5,3,4,4,5,10.0,7,3,3,3,3,3,3,3,3,2,3,4,4,4,4,4,4,4,4,3,2,4,Weekly planner,Computer calendar,LinkedIn,Once a day,Rarely,2,Yes,Task difficulty,6,7,6,5,5,6,6,2.90,3.70,4.00,3.28,2.00,6.10
P0258,synthetic_ai,1,62,60+,Male,Undergraduate,Retired,Other,8.5,Very good,3.0,0.5,Daily,0.0,0.0,0.0,Very light,Household task,2,2,4,1,5,2,3.0,30,1,1,1,1,2,2,1,1,2,1,5,4,4,5,5,4,5,5,1,2,5,Daily planner,Paper notebook,Facebook,Once a day,Never,1,No,Boredom,2,9,9,2,1,9,9,1.40,4.40,1.67,1.00,1.00,9.60
P0259,synthetic_ai,1,32,30-39,Female,Undergraduate,Self-employed,Creative,7.0,Good,7.5,3.0,1-2x/week,6.0,1.0,0.0,Moderate,Creative task,3,3,5,2,3,3,6.0,21,2,2,3,2,3,3,2,2,3,2,4,4,4,4,4,4,4,4,2,3,4,Weekly planner,Todo application,Instagram,2-3 times a day,Rarely,2,Yes,Perfectionism,4,7,7,4,3,7,7,2.40,3.80,2.67,2.25,2.00,7.10
P0260,synthetic_ai,1,18,18-20,Female,High school,Student,Education,6.5,Fair,9.0,5.0,Never,0.0,4.5,0.0,Moderate,Academic assignment,4,3,2,4,2,3,4.0,5,4,4,3,4,3,4,4,4,3,3,2,2,2,2,2,2,2,2,4,2,Reactive planning,Mental planning,TikTok,Constantly,Often,5,Yes,Social media,8,4,3,7,7,4,3,3.50,2.20,3.00,2.06,4.67,3.50

P0261,synthetic_ai,1,41,40-49,Male,Postgraduate,Full-time employed,Technology,7.0,Good,8.5,2.0,3-4x/week,9.0,0.0,1.0,Heavy,Work project,5,5,3,4,4,5,10.0,7,3,3,3,3,3,3,3,3,2,3,4,4,4,4,4,4,4,4,3,2,4,Weekly planner,Computer calendar,LinkedIn,Once a day,Rarely,2,Yes,Overwhelm,6,7,6,5,5,6,6,2.90,3.70,4.00,3.28,2.00,6.10
P0262,synthetic_ai,1,28,25-29,Female,Postgraduate,Full-time employed,Finance,7.0,Good,6.5,1.5,3-4x/week,8.5,0.0,1.0,Heavy,Financial task,4,4,3,3,3,4,6.0,7,2,2,2,2,2,2,2,2,2,2,4,4,4,5,5,4,5,4,2,2,5,Calendar-based planning,Computer calendar,LinkedIn,Once a day,Never,1,Yes,Low motivation,5,7,6,4,4,6,7,2.00,4.10,3.00,3.28,1.00,7.00
P0263,synthetic_ai,1,24,21-24,Male,Undergraduate,Student,Education,5.5,Poor,10.0,5.0,Never,1.0,5.5,0.0,Moderate,Exam preparation,5,4,3,5,2,4,6.0,2,5,5,4,5,4,5,4,5,3,4,1,1,1,1,1,1,1,1,5,1,No planning,None,YouTube,Constantly,Always,5,Yes,Entertainment,9,3,3,8,9,3,2,4.50,1.40,4.33,2.19,5.00,2.30
P0264,synthetic_ai,1,52,50-59,Female,Undergraduate,Full-time employed,Education,7.5,Good,5.5,1.0,3-4x/week,7.5,1.0,1.0,Heavy,Work project,4,3,4,2,4,3,5.0,14,2,2,2,2,2,2,2,2,2,2,5,4,4,5,5,4,5,4,2,2,5,Weekly planner,Computer calendar,Facebook,Once a day,Never,1,No,Low motivation,4,8,7,3,3,7,8,2.00,4.30,2.33,2.88,1.00,8.00
P0265,synthetic_ai,1,35,30-39,Male,Undergraduate,Full-time employed,Retail,6.5,Fair,7.0,2.5,1-2x/week,7.5,0.0,1.0,Moderate,Email/administrative task,3,2,2,2,3,2,2.0,5,3,3,3,3,3,3,3,3,3,3,3,3,3,3,3,3,3,3,3,3,3,Daily planner,Phone calendar,Instagram,2-3 times a day,Sometimes,3,Yes,Boredom,6,6,5,5,5,5,5,3.00,3.00,2.33,2.66,3.00,5.30
P0266,synthetic_ai,1,68,60+,Female,High school,Retired,Other,8.0,Good,3.0,0.5,Daily,0.0,0.0,0.0,Very light,Household task,2,2,4,1,5,2,2.0,30,1,1,2,1,2,2,1,1,2,1,5,4,4,5,5,4,5,5,1,2,5,Daily planner,Paper notebook,Facebook,Once a day,Never,1,No,Boredom,2,9,8,2,2,9,9,1.40,4.40,1.67,1.00,1.00,9.40
P0267,synthetic_ai,1,22,21-24,Female,Undergraduate,Student,Education,6.0,Fair,10.0,5.5,Never,0.5,5.5,0.0,Moderate,Academic assignment,5,4,2,5,2,4,6.0,3,5,5,4,5,4,4,4,5,3,4,2,2,1,2,2,2,2,2,5,1,Deadline-driven,Mental planning,TikTok,Constantly,Always,5,Yes,Social media,9,3,3,8,8,3,2,4.20,1.90,4.00,2.06,5.00,2.80
P0268,synthetic_ai,1,46,40-49,Male,Undergraduate,Full-time employed,Manufacturing,7.0,Good,5.5,1.5,3-4x/week,9.0,0.0,1.5,Heavy,Work project,4,4,2,3,3,4,8.0,7,3,3,3,3,3,3,3,3,3,3,4,4,3,4,4,3,4,3,3,2,4,Weekly planner,Computer calendar,YouTube,Once a day,Rarely,2,Yes,Task difficulty,6,6,6,5,5,6,6,3.00,3.50,3.00,3.28,2.00,5.80
P0269,synthetic_ai,1,31,30-39,Female,Postgraduate,Self-employed,Creative,7.0,Good,8.0,3.5,3-4x/week,6.0,1.0,0.0,Moderate,Creative task,3,3,5,2,3,3,6.0,21,2,2,3,2,3,3,2,2,3,2,4,4,4,4,4,4,4,4,2,3,4,Weekly planner,Todo application,Instagram,2-3 times a day,Rarely,2,Yes,Perfectionism,4,7,7,4,3,7,7,2.40,3.80,2.67,2.25,2.00,7.10
P0270,synthetic_ai,1,59,50-59,Male,Postgraduate,Full-time employed,Technology,7.0,Good,7.5,1.5,3-4x/week,9.0,0.0,1.0,Heavy,Work project,5,5,3,3,4,5,10.0,7,3,3,3,3,3,3,3,3,3,3,4,4,4,4,4,4,4,4,3,2,4,Weekly planner,Computer calendar,LinkedIn,Once a day,Rarely,2,Yes,Overwhelm,6,7,6,5,5,6,6,3.00,3.70,3.67,3.28,2.00,5.90
P0271,synthetic_ai,1,26,25-29,Female,Undergraduate,Full-time employed,Healthcare,7.0,Good,6.5,2.0,3-4x/week,8.0,0.5,1.0,Heavy,Work project,5,4,3,3,4,4,7.0,5,3,3,2,3,2,3,3,3,2,3,4,4,4,4,4,4,4,4,3,2,4,Weekly planner,Phone calendar,Instagram,Once a day,Rarely,2,Yes,Fatigue,6,7,6,4,5,6,6,2.70,3.70,3.33,3.09,2.00,6.50
P0272,synthetic_ai,1,43,40-49,Male,Doctoral,Full-time employed,Research,6.5,Fair,8.0,2.0,1-2x/week,10.0,2.5,0.5,Very heavy,Work project,5,5,4,4,3,5,12.0,5,4,4,4,4,3,4,4,4,3,4,4,4,4,4,4,4,4,4,3,2,3,Weekly planner,Computer calendar,LinkedIn,Once a day,Sometimes,3,Yes,Overwhelm,8,5,4,7,7,4,4,3.80,3.70,4.33,4.22,3.00,4.10
P0273,synthetic_ai,1,19,18-20,Female,High school,Student,Education,6.0,Poor,9.5,5.0,Never,0.0,5.0,0.0,Moderate,Exam preparation,5,3,2,4,2,3,5.0,4,4,4,4,4,3,4,3,4,3,3,2,2,2,2,2,2,2,2,4,2,Reactive planning,Mental planning,TikTok,Constantly,Often,5,Yes,Social media,8,4,3,7,7,4,3,3.60,2.20,3.00,2.06,4.67,3.50
P0274,synthetic_ai,1,36,30-39,Male,Undergraduate,Full-time employed,Finance,7.0,Good,7.0,2.0,3-4x/week,8.5,0.0,1.0,Heavy,Financial task,4,3,2,3,3,3,5.0,7,3,3,3,3,3,3,3,3,3,3,3,3,3,3,3,3,3,3,3,3,3,Daily planner,Phone calendar,LinkedIn,2-3 times a day,Rarely,2,Yes,Boredom,6,6,5,5,5,5,5,3.00,3.00,2.67,3.09,2.00,5.50
P0275,synthetic_ai,1,55,50-59,Female,Postgraduate,Full-time employed,Healthcare,7.5,Good,5.5,1.0,Daily,8.0,0.0,1.0,Heavy,Health-related task,4,3,4,2,4,3,4.0,14,2,2,2,2,1,2,2,2,2,2,4,4,4,5,5,4,5,4,1,2,5,Calendar-based planning,Phone calendar,Facebook,Once a day,Never,1,No,Fear of failure,4,8,7,3,3,7,8,1.90,4.30,3.00,2.88,1.00,8.10
P0276,synthetic_ai,1,21,21-24,Male,Undergraduate,Student,Education,5.5,Poor,10.5,5.5,Never,1.0,5.5,0.0,Moderate,Academic assignment,5,5,4,5,3,4,7.0,2,5,5,4,5,4,5,4,5,3,4,1,1,1,1,1,1,1,1,5,1,No planning,None,YouTube,Constantly,Always,5,Yes,Entertainment,9,3,3,9,9,3,2,4.50,1.40,4.33,2.19,5.00,2.30
P0277,synthetic_ai,1,47,40-49,Female,Postgraduate,Full-time employed,Finance,7.5,Good,6.5,1.5,3-4x/week,9.0,0.0,1.0,Heavy,Financial task,5,4,3,3,4,4,6.0,5,2,2,2,2,2,2,3,2,2,2,5,5,4,5,5,4,5,5,2,2,5,Calendar-based planning,Computer calendar,LinkedIn,Once a day,Never,1,Yes,Fatigue,5,7,6,4,4,7,7,2.10,4.30,3.33,3.28,1.00,7.10
P0278,synthetic_ai,1,30,30-39,Male,Undergraduate,Full-time employed,Technology,6.5,Fair,8.5,2.5,1-2x/week,8.5,0.5,1.0,Heavy,Work project,5,5,3,4,3,4,9.0,5,4,4,3,4,3,3,4,4,3,4,3,3,3,3,3,3,3,3,3,3,3,Daily planner,Todo application,YouTube,Every few hours,Sometimes,3,Yes,Task difficulty,7,6,5,6,6,5,5,3.60,3.00,3.67,3.09,3.33,5.00
P0279,synthetic_ai,1,63,60+,Female,Undergraduate,Retired,Other,8.0,Good,3.5,0.5,Daily,0.0,0.0,0.0,Very light,Household task,2,2,4,1,5,2,2.0,30,1,1,2,1,2,2,1,1,2,1,5,4,4,5,5,4,5,5,1,2,5,Daily planner,Paper notebook,Facebook,Once a day,Never,1,No,Boredom,2,9,8,2,2,9,9,1.40,4.40,1.67,1.00,1.00,9.40
P0280,synthetic_ai,1,34,30-39,Female,Undergraduate,Freelancer,Creative,6.5,Fair,8.5,3.5,1-2x/week,5.5,0.5,0.0,Moderate,Creative task,3,3,5,2,3,3,7.0,21,3,3,3,3,3,3,2,3,3,2,3,3,3,3,3,3,3,3,3,3,3,Mixed strategy,Todo application,Instagram,Every few hours,Sometimes,4,Yes,Perfectionism,6,6,5,5,5,5,5,2.90,3.00,2.67,1.91,3.67,5.20
P0281,synthetic_ai,1,25,25-29,Male,Diploma,Full-time employed,Hospitality,6.5,Fair,6.5,2.5,1-2x/week,8.0,0.0,1.5,Heavy,Work project,3,3,3,3,3,3,5.0,10,3,3,3,3,3,3,3,3,3,3,3,3,3,3,3,3,3,3,3,3,3,Daily planner,Phone calendar,Instagram,2-3 times a day,Sometimes,3,Yes,Low motivation,6,6,5,5,5,5,5,3.00,3.00,3.00,2.88,3.00,5.30
P0282,synthetic_ai,1,49,40-49,Female,Postgraduate,Full-time employed,Healthcare,7.0,Good,5.5,1.0,Daily,8.5,0.0,1.0,Heavy,Health-related task,5,3,4,2,4,3,4.0,14,2,2,2,2,1,2,2,2,2,2,5,5,4,5,5,4,5,4,1,1,5,Calendar-based planning,Phone calendar,Facebook,Once a day,Never,1,No,Fatigue,4,8,7,3,3,7,8,1.90,4.40,3.00,3.09,1.00,8.20
P0283,synthetic_ai,1,29,25-29,Male,Postgraduate,Full-time employed,Finance,7.0,Good,7.5,2.0,1-2x/week,8.5,0.0,1.5,Heavy,Financial task,4,3,2,3,3,3,5.0,7,3,3,3,3,3,3,3,3,3,3,3,3,3,3,3,3,3,3,3,3,3,Daily planner,Phone calendar,LinkedIn,2-3 times a day,Rarely,2,Yes,Boredom,6,6,5,4,5,5,5,3.00,3.00,2.67,3.09,2.00,5.50
P0284,synthetic_ai,1,39,30-39,Male,Doctorate,Full-time employed,Research,7.0,Good,7.5,1.5,1-2x/week,9.5,2.0,0.5,Very heavy,Work project,5,5,4,4,3,5,12.0,5,4,4,3,4,3,4,4,4,3,4,4,4,4,4,4,4,4,4,3,2,3,Weekly planner,Computer calendar,LinkedIn,Once a day,Sometimes,3,Yes,Overwhelm,8,5,4,7,7,4,4,3.70,3.70,4.00,4.41,3.00,4.10
P0285,synthetic_ai,1,20,18-20,Female,High school,Student,Education,6.5,Fair,9.5,5.0,Never,0.0,5.0,0.0,Moderate,Exam preparation,5,3,2,4,2,3,5.0,3,4,4,3,4,3,4,3,4,3,3,2,2,2,2,2,2,2,2,4,2,Reactive planning,Mental planning,TikTok,Constantly,Often,5,Yes,Social media,8,4,4,7,7,4,3,3.50,2.20,3.00,2.06,4.67,3.60
P0286,synthetic_ai,1,43,40-49,Male,Undergraduate,Full-time employed,Engineering,7.0,Good,7.5,2.0,3-4x/week,9.0,0.0,1.5,Heavy,Work project,5,4,3,3,4,4,9.0,7,3,3,3,3,3,3,3,3,2,3,4,4,4,4,4,4,4,4,3,2,4,Weekly planner,Computer calendar,YouTube,Once a day,Sometimes,2,Yes,Task difficulty,7,6,5,5,5,5,5,2.90,3.70,3.67,3.28,2.33,5.50
P0287,synthetic_ai,1,56,50-59,Female,Undergraduate,Full-time employed,Education,7.5,Good,5.5,1.0,3-4x/week,7.5,1.0,1.0,Heavy,Work project,4,3,4,2,4,3,5.0,14,2,2,2,2,2,2,2,2,2,2,5,5,4,5,5,4,5,4,2,2,5,Weekly planner,Computer calendar,Facebook,Once a day,Never,1,No,Low motivation,4,8,7,3,3,7,8,2.00,4.30,2.33,2.88,1.00,8.00
P0288,synthetic_ai,1,27,25-29,Male,Undergraduate,Full-time employed,Technology,6.5,Fair,8.5,3.0,1-2x/week,8.0,0.5,1.0,Heavy,Work project,5,5,3,4,3,4,8.0,5,4,4,4,4,3,3,4,4,3,4,3,3,3,3,3,3,3,3,3,3,3,Daily planner,Todo application,Reddit,Every few hours,Sometimes,3,Yes,Task difficulty,7,6,5,6,6,5,5,3.70,3.00,4.00,3.09,3.33,5.00
P0289,synthetic_ai,1,37,30-39,Female,Postgraduate,Full-time employed,Healthcare,7.0,Good,6.0,1.5,3-4x/week,8.5,0.0,1.0,Heavy,Work project,5,4,3,3,4,4,7.0,5,3,3,2,3,2,3,3,3,2,3,4,4,4,4,4,4,4,4,3,2,4,Weekly planner,Phone calendar,LinkedIn,Once a day,Rarely,2,Yes,Fatigue,6,7,6,4,5,6,6,2.70,3.70,3.33,3.09,2.00,6.50
P0290,synthetic_ai,1,70,60+,Male,High school,Retired,Other,8.5,Very good,2.5,0.5,Daily,0.0,0.0,0.0,Very light,Household task,2,1,4,1,5,1,2.0,30,1,1,1,1,2,1,1,1,2,1,5,4,4,5,5,4,5,5,1,2,5,Daily planner,Paper notebook,Facebook,Once a day,Never,1,No,Boredom,2,9,9,2,1,9,9,1.20,4.40,1.00,1.00,1.00,9.60
P0291,synthetic_ai,1,33,30-39,Female,Undergraduate,Full-time employed,Business,7.0,Good,7.0,2.0,3-4x/week,7.5,0.0,1.0,Moderate,Financial task,4,3,3,2,4,3,4.0,10,2,2,2,2,2,2,2,2,2,2,4,4,4,4,4,4,4,4,2,2,4,Weekly planner,Phone calendar,Instagram,2-3 times a day,Never,1,No,Low motivation,4,8,7,3,3,7,7,2.00,3.80,2.33,2.50,1.00,7.60
P0292,synthetic_ai,1,24,21-24,Male,Undergraduate,Job seeker,Other,6.5,Fair,8.5,4.5,Never,0.0,2.0,0.5,Light,Job application,4,3,3,4,2,3,4.0,7,4,4,3,4,3,3,4,4,3,4,2,2,2,2,2,2,2,2,4,2,Reactive planning,Mental planning,Instagram,Constantly,Often,5,Yes,Fear of failure,7,5,4,6,6,5,4,3.60,2.20,3.33,1.06,4.33,4.20
P0293,synthetic_ai,1,48,40-49,Female,Postgraduate,Full-time employed,Technology,7.0,Good,8.0,2.0,3-4x/week,9.0,0.0,1.0,Heavy,Work project,5,5,3,4,4,5,10.0,7,3,3,3,3,3,3,3,3,2,3,4,4,4,4,4,4,4,4,3,2,4,Weekly planner,Computer calendar,LinkedIn,Once a day,Rarely,2,Yes,Task difficulty,6,7,6,5,5,6,6,2.90,3.70,4.00,3.28,2.00,6.10
P0294,synthetic_ai,1,22,21-24,Female,Undergraduate,Student,Education,5.5,Poor,10.5,5.5,Never,0.5,5.5,0.0,Moderate,Exam preparation,5,5,3,5,3,4,6.0,2,5,5,4,5,4,5,4,5,3,4,1,1,1,1,1,1,1,1,5,1,No planning,None,TikTok,Constantly,Always,5,Yes,Social media,9,3,3,8,8,3,2,4.50,1.40,4.33,2.19,5.00,2.30
P0295,synthetic_ai,1,40,40-49,Male,Doctorate,Full-time employed,Research,6.5,Fair,7.5,1.5,1-2x/week,10.0,2.0,0.5,Very heavy,Work project,5,5,4,4,3,5,12.0,5,4,4,4,4,3,4,4,4,3,4,4,4,4,4,4,4,4,4,3,2,3,Weekly planner,Computer calendar,LinkedIn,Once a day,Sometimes,3,Yes,Overwhelm,8,5,4,7,7,4,4,3.80,3.70,4.33,4.22,3.00,4.10
P0296,synthetic_ai,1,54,50-59,Female,Postgraduate,Full-time employed,Healthcare,7.5,Good,5.5,1.0,Daily,8.0,0.0,1.0,Heavy,Health-related task,4,3,4,2,4,3,4.0,14,2,2,2,2,1,2,2,2,2,2,4,4,4,5,5,4,5,4,1,2,5,Calendar-based planning,Phone calendar,Facebook,Once a day,Never,1,No,Fear of failure,4,8,7,3,3,7,8,1.90,4.30,3.00,2.88,1.00,8.10
P0297,synthetic_ai,1,26,25-29,Male,Undergraduate,Full-time employed,Government,6.5,Fair,6.5,2.0,1-2x/week,8.0,0.0,1.0,Heavy,Email/administrative task,3,2,2,2,3,2,2.0,7,3,3,3,3,3,3,3,3,3,3,3,3,3,3,3,3,3,3,3,3,3,Daily planner,Phone calendar,LinkedIn,2-3 times a day,Rarely,2,Yes,Boredom,5,7,6,4,4,6,6,3.00,3.00,2.00,2.88,2.00,6.20
P0298,synthetic_ai,1,31,30-39,Female,Undergraduate,Full-time employed,Retail,6.5,Fair,7.5,2.5,1-2x/week,7.5,0.0,1.0,Moderate,Email/administrative task,3,2,2,2,3,2,2.0,5,3,3,3,3,3,3,3,3,3,3,3,3,3,3,3,3,3,3,3,3,3,Daily planner,Phone calendar,Instagram,2-3 times a day,Sometimes,3,Yes,Boredom,6,6,5,5,5,5,5,3.00,3.00,2.33,2.66,3.00,5.30
P0299,synthetic_ai,1,44,40-49,Male,Undergraduate,Full-time employed,Engineering,7.0,Good,7.5,2.0,3-4x/week,9.0,0.0,1.5,Heavy,Work project,5,5,3,4,4,5,9.0,5,3,3,3,3,3,3,3,3,2,3,4,4,4,4,4,4,4,4,3,2,4,Weekly planner,Computer calendar,YouTube,Once a day,Sometimes,2,Yes,Task difficulty,6,7,6,5,5,6,6,2.90,3.70,4.00,3.28,2.33,6.10
P0300,synthetic_ai,1,61,60+,Female,Undergraduate,Retired,Other,8.0,Good,3.5,0.5,Daily,0.0,0.0,0.0,Very light,Household task,2,2,4,1,5,2,2.0,30,1,1,2,1,2,2,1,1,2,1,5,4,4,5,5,4,5,5,1,2,5,Daily planner,Paper notebook,Facebook,Once a day,Never,1,No,Boredom,2,9,8,2,2,9,9,1.40,4.40,1.67,1.00,1.00,9.40
